-- MySQL dump 10.13  Distrib 9.6.0, for macos26.3 (arm64)
--
-- Host: localhost    Database: nova_ams_db
-- ------------------------------------------------------
-- Server version	9.6.0

/*!40101 SET @OLD_CHARACTER_SET_CLIENT=@@CHARACTER_SET_CLIENT */;
/*!40101 SET @OLD_CHARACTER_SET_RESULTS=@@CHARACTER_SET_RESULTS */;
/*!40101 SET @OLD_COLLATION_CONNECTION=@@COLLATION_CONNECTION */;
/*!50503 SET NAMES utf8mb4 */;
/*!40103 SET @OLD_TIME_ZONE=@@TIME_ZONE */;
/*!40103 SET TIME_ZONE='+00:00' */;
/*!40014 SET @OLD_UNIQUE_CHECKS=@@UNIQUE_CHECKS, UNIQUE_CHECKS=0 */;
/*!40014 SET @OLD_FOREIGN_KEY_CHECKS=@@FOREIGN_KEY_CHECKS, FOREIGN_KEY_CHECKS=0 */;
/*!40101 SET @OLD_SQL_MODE=@@SQL_MODE, SQL_MODE='NO_AUTO_VALUE_ON_ZERO' */;
/*!40111 SET @OLD_SQL_NOTES=@@SQL_NOTES, SQL_NOTES=0 */;
SET @MYSQLDUMP_TEMP_LOG_BIN = @@SESSION.SQL_LOG_BIN;
SET @@SESSION.SQL_LOG_BIN= 0;

--
-- GTID state at the beginning of the backup 
--

SET @@GLOBAL.GTID_PURGED=/*!80000 '+'*/ 'ab9f170a-448e-11f1-8ba2-0e3f1198c618:1-85847';

--
-- Table structure for table `asset_assignments`
--

DROP TABLE IF EXISTS `asset_assignments`;
/*!40101 SET @saved_cs_client     = @@character_set_client */;
/*!50503 SET character_set_client = utf8mb4 */;
CREATE TABLE `asset_assignments` (
  `id` bigint unsigned NOT NULL AUTO_INCREMENT,
  `asset_id` bigint unsigned DEFAULT NULL,
  `user_id` bigint unsigned DEFAULT NULL,
  `site_id` bigint unsigned DEFAULT NULL,
  `location_id` bigint unsigned DEFAULT NULL,
  `assigned_at` datetime DEFAULT NULL,
  `returned_at` datetime DEFAULT NULL,
  `status` enum('active','returned') COLLATE utf8mb4_unicode_ci NOT NULL DEFAULT 'active',
  `remarks` text COLLATE utf8mb4_unicode_ci,
  `created_at` timestamp NULL DEFAULT NULL,
  `updated_at` timestamp NULL DEFAULT NULL,
  PRIMARY KEY (`id`),
  KEY `asset_assignments_asset_id_foreign` (`asset_id`),
  KEY `asset_assignments_user_id_foreign` (`user_id`),
  KEY `asset_assignments_site_id_foreign` (`site_id`),
  KEY `asset_assignments_location_id_foreign` (`location_id`),
  CONSTRAINT `asset_assignments_asset_id_foreign` FOREIGN KEY (`asset_id`) REFERENCES `assets` (`id`) ON DELETE SET NULL,
  CONSTRAINT `asset_assignments_location_id_foreign` FOREIGN KEY (`location_id`) REFERENCES `locations` (`id`) ON DELETE SET NULL,
  CONSTRAINT `asset_assignments_site_id_foreign` FOREIGN KEY (`site_id`) REFERENCES `sites` (`id`) ON DELETE SET NULL,
  CONSTRAINT `asset_assignments_user_id_foreign` FOREIGN KEY (`user_id`) REFERENCES `users` (`id`) ON DELETE SET NULL
) ENGINE=InnoDB DEFAULT CHARSET=utf8mb4 COLLATE=utf8mb4_unicode_ci;
/*!40101 SET character_set_client = @saved_cs_client */;

--
-- Dumping data for table `asset_assignments`
--

LOCK TABLES `asset_assignments` WRITE;
/*!40000 ALTER TABLE `asset_assignments` DISABLE KEYS */;
/*!40000 ALTER TABLE `asset_assignments` ENABLE KEYS */;
UNLOCK TABLES;

--
-- Table structure for table `asset_categories`
--

DROP TABLE IF EXISTS `asset_categories`;
/*!40101 SET @saved_cs_client     = @@character_set_client */;
/*!50503 SET character_set_client = utf8mb4 */;
CREATE TABLE `asset_categories` (
  `id` bigint unsigned NOT NULL AUTO_INCREMENT,
  `name` varchar(255) COLLATE utf8mb4_unicode_ci NOT NULL,
  `created_at` timestamp NULL DEFAULT NULL,
  `updated_at` timestamp NULL DEFAULT NULL,
  `deleted_at` timestamp NULL DEFAULT NULL,
  PRIMARY KEY (`id`),
  UNIQUE KEY `asset_categories_name_unique` (`name`)
) ENGINE=InnoDB AUTO_INCREMENT=3 DEFAULT CHARSET=utf8mb4 COLLATE=utf8mb4_unicode_ci;
/*!40101 SET character_set_client = @saved_cs_client */;

--
-- Dumping data for table `asset_categories`
--

LOCK TABLES `asset_categories` WRITE;
/*!40000 ALTER TABLE `asset_categories` DISABLE KEYS */;
INSERT INTO `asset_categories` VALUES (1,'HARDWARE','2026-07-06 19:59:12','2026-07-06 19:59:12',NULL),(2,'APPLICATION','2026-07-06 20:05:12','2026-07-06 20:05:12',NULL);
/*!40000 ALTER TABLE `asset_categories` ENABLE KEYS */;
UNLOCK TABLES;

--
-- Table structure for table `asset_field_values`
--

DROP TABLE IF EXISTS `asset_field_values`;
/*!40101 SET @saved_cs_client     = @@character_set_client */;
/*!50503 SET character_set_client = utf8mb4 */;
CREATE TABLE `asset_field_values` (
  `id` bigint unsigned NOT NULL AUTO_INCREMENT,
  `asset_id` bigint unsigned NOT NULL,
  `column_key` varchar(255) COLLATE utf8mb4_unicode_ci NOT NULL,
  `value` text COLLATE utf8mb4_unicode_ci,
  `created_at` timestamp NULL DEFAULT NULL,
  `updated_at` timestamp NULL DEFAULT NULL,
  PRIMARY KEY (`id`),
  UNIQUE KEY `asset_field_values_asset_id_column_key_unique` (`asset_id`,`column_key`),
  KEY `asset_field_values_column_key_index` (`column_key`),
  CONSTRAINT `asset_field_values_asset_id_foreign` FOREIGN KEY (`asset_id`) REFERENCES `assets` (`id`) ON DELETE CASCADE
) ENGINE=InnoDB AUTO_INCREMENT=889 DEFAULT CHARSET=utf8mb4 COLLATE=utf8mb4_unicode_ci;
/*!40101 SET character_set_client = @saved_cs_client */;

--
-- Dumping data for table `asset_field_values`
--

LOCK TABLES `asset_field_values` WRITE;
/*!40000 ALTER TABLE `asset_field_values` DISABLE KEYS */;
INSERT INTO `asset_field_values` VALUES (1,1,'aset_id','ATM-543129','2026-07-05 23:57:42','2026-07-05 23:57:42'),(2,1,'kategori_aset','Hardware','2026-07-05 23:57:42','2026-07-05 23:57:42'),(3,1,'jenis_aset','STRIP PRINTER','2026-07-05 23:57:42','2026-07-05 23:57:42'),(4,1,'lokasi','KOTA KINABALU','2026-07-05 23:57:42','2026-07-05 23:57:42'),(5,1,'kuantiti','1','2026-07-05 23:57:42','2026-07-05 23:57:42'),(6,1,'vendor','IER','2026-07-05 23:57:42','2026-07-05 23:57:42'),(7,1,'status','AVAILABLE','2026-07-05 23:57:42','2026-07-05 23:58:04'),(8,2,'aset_id','ATM-543130','2026-07-05 23:57:42','2026-07-05 23:57:42'),(9,2,'kategori_aset','Hardware','2026-07-05 23:57:42','2026-07-05 23:57:42'),(10,2,'jenis_aset','STRIP PRINTER','2026-07-05 23:57:42','2026-07-05 23:57:42'),(11,2,'lokasi','KOTA KINABALU','2026-07-05 23:57:42','2026-07-05 23:57:42'),(12,2,'kuantiti','1','2026-07-05 23:57:42','2026-07-05 23:57:42'),(13,2,'vendor','IER','2026-07-05 23:57:42','2026-07-05 23:57:42'),(14,2,'status','AVAILABLE','2026-07-05 23:57:42','2026-07-05 23:58:04'),(15,3,'aset_id','ATM-543131','2026-07-05 23:57:42','2026-07-05 23:57:42'),(16,3,'kategori_aset','Hardware','2026-07-05 23:57:42','2026-07-05 23:57:42'),(17,3,'jenis_aset','STRIP PRINTER','2026-07-05 23:57:42','2026-07-05 23:57:42'),(18,3,'lokasi','KOTA KINABALU','2026-07-05 23:57:42','2026-07-05 23:57:42'),(19,3,'kuantiti','1','2026-07-05 23:57:42','2026-07-05 23:57:42'),(20,3,'vendor','IER','2026-07-05 23:57:42','2026-07-05 23:57:42'),(21,3,'status','AVAILABLE','2026-07-05 23:57:42','2026-07-05 23:58:04'),(22,4,'aset_id','ATM-543132','2026-07-05 23:57:42','2026-07-05 23:57:42'),(23,4,'kategori_aset','Hardware','2026-07-05 23:57:42','2026-07-05 23:57:42'),(24,4,'jenis_aset','STRIP PRINTER','2026-07-05 23:57:42','2026-07-05 23:57:42'),(25,4,'lokasi','KOTA KINABALU','2026-07-05 23:57:42','2026-07-05 23:57:42'),(26,4,'kuantiti','1','2026-07-05 23:57:42','2026-07-05 23:57:42'),(27,4,'vendor','IER','2026-07-05 23:57:42','2026-07-05 23:57:42'),(28,4,'status','AVAILABLE','2026-07-05 23:57:42','2026-07-05 23:58:04'),(29,5,'aset_id','ATM-543133','2026-07-05 23:57:42','2026-07-05 23:57:42'),(30,5,'kategori_aset','Hardware','2026-07-05 23:57:42','2026-07-05 23:57:42'),(31,5,'jenis_aset','SERVER','2026-07-05 23:57:42','2026-07-05 23:57:42'),(32,5,'lokasi','KOTA KINABALU','2026-07-05 23:57:42','2026-07-05 23:57:42'),(33,5,'kuantiti','1','2026-07-05 23:57:42','2026-07-05 23:57:42'),(34,5,'vendor','THALES','2026-07-05 23:57:42','2026-07-05 23:57:42'),(35,5,'status','AVAILABLE','2026-07-05 23:57:42','2026-07-05 23:58:04'),(36,6,'aset_id','ATM-543134','2026-07-05 23:57:42','2026-07-05 23:57:42'),(37,6,'kategori_aset','Hardware','2026-07-05 23:57:42','2026-07-05 23:57:42'),(38,6,'jenis_aset','SERVER','2026-07-05 23:57:42','2026-07-05 23:57:42'),(39,6,'lokasi','KOTA KINABALU','2026-07-05 23:57:42','2026-07-05 23:57:42'),(40,6,'kuantiti','1','2026-07-05 23:57:42','2026-07-05 23:57:42'),(41,6,'vendor','THALES','2026-07-05 23:57:42','2026-07-05 23:57:42'),(42,6,'status','AVAILABLE','2026-07-05 23:57:42','2026-07-05 23:58:04'),(43,7,'aset_id','ATM-543135','2026-07-05 23:57:42','2026-07-05 23:57:42'),(44,7,'kategori_aset','Hardware','2026-07-05 23:57:42','2026-07-05 23:57:42'),(45,7,'jenis_aset','WORKSTATION','2026-07-05 23:57:42','2026-07-05 23:57:42'),(46,7,'lokasi','KOTA KINABALU','2026-07-05 23:57:42','2026-07-05 23:57:42'),(47,7,'kuantiti','1','2026-07-05 23:57:42','2026-07-05 23:57:42'),(48,7,'vendor','HP','2026-07-05 23:57:42','2026-07-05 23:57:42'),(49,7,'status','AVAILABLE','2026-07-05 23:57:42','2026-07-05 23:58:04'),(50,8,'aset_id','ATM-543136','2026-07-05 23:57:42','2026-07-05 23:57:42'),(51,8,'kategori_aset','Hardware','2026-07-05 23:57:42','2026-07-05 23:57:42'),(52,8,'jenis_aset','MONITOR','2026-07-05 23:57:42','2026-07-05 23:57:42'),(53,8,'lokasi','KOTA KINABALU','2026-07-05 23:57:42','2026-07-05 23:57:42'),(54,8,'kuantiti','1','2026-07-05 23:57:42','2026-07-05 23:57:42'),(55,8,'vendor','EIZO','2026-07-05 23:57:42','2026-07-05 23:57:42'),(56,8,'status','AVAILABLE','2026-07-05 23:57:42','2026-07-05 23:58:04'),(57,9,'aset_id','ATM-543137','2026-07-05 23:57:42','2026-07-05 23:57:42'),(58,9,'kategori_aset','Hardware','2026-07-05 23:57:42','2026-07-05 23:57:42'),(59,9,'jenis_aset','MONITOR','2026-07-05 23:57:42','2026-07-05 23:57:42'),(60,9,'lokasi','KOTA KINABALU','2026-07-05 23:57:42','2026-07-05 23:57:42'),(61,9,'kuantiti','1','2026-07-05 23:57:42','2026-07-05 23:57:42'),(62,9,'vendor','EIZO','2026-07-05 23:57:42','2026-07-05 23:57:42'),(63,9,'status','AVAILABLE','2026-07-05 23:57:42','2026-07-05 23:58:04'),(64,10,'aset_id','ATM-543138','2026-07-05 23:57:42','2026-07-05 23:57:42'),(65,10,'kategori_aset','Hardware','2026-07-05 23:57:42','2026-07-05 23:57:42'),(66,10,'jenis_aset','WORKSTATION','2026-07-05 23:57:42','2026-07-05 23:57:42'),(67,10,'lokasi','KOTA KINABALU','2026-07-05 23:57:42','2026-07-05 23:57:42'),(68,10,'kuantiti','1','2026-07-05 23:57:42','2026-07-05 23:57:42'),(69,10,'vendor','HP','2026-07-05 23:57:43','2026-07-05 23:57:43'),(70,10,'status','AVAILABLE','2026-07-05 23:57:43','2026-07-05 23:58:04'),(71,11,'aset_id','ATM-543139','2026-07-05 23:57:43','2026-07-05 23:57:43'),(72,11,'kategori_aset','Hardware','2026-07-05 23:57:43','2026-07-05 23:57:43'),(73,11,'jenis_aset','MONITOR','2026-07-05 23:57:43','2026-07-05 23:57:43'),(74,11,'lokasi','KOTA KINABALU','2026-07-05 23:57:43','2026-07-05 23:57:43'),(75,11,'kuantiti','1','2026-07-05 23:57:43','2026-07-05 23:57:43'),(76,11,'vendor','EIZO','2026-07-05 23:57:43','2026-07-05 23:57:43'),(77,11,'status','AVAILABLE','2026-07-05 23:57:43','2026-07-05 23:58:04'),(78,12,'aset_id','ATM-543140','2026-07-05 23:57:43','2026-07-05 23:57:43'),(79,12,'kategori_aset','Hardware','2026-07-05 23:57:43','2026-07-05 23:57:43'),(80,12,'jenis_aset','MONITOR','2026-07-05 23:57:43','2026-07-05 23:57:43'),(81,12,'lokasi','KOTA KINABALU','2026-07-05 23:57:43','2026-07-05 23:57:43'),(82,12,'kuantiti','1','2026-07-05 23:57:43','2026-07-05 23:57:43'),(83,12,'vendor','EIZO','2026-07-05 23:57:43','2026-07-05 23:57:43'),(84,12,'status','AVAILABLE','2026-07-05 23:57:43','2026-07-05 23:58:04'),(85,13,'aset_id','ATM-543141','2026-07-05 23:57:43','2026-07-05 23:57:43'),(86,13,'kategori_aset','Hardware','2026-07-05 23:57:43','2026-07-05 23:57:43'),(87,13,'jenis_aset','WORKSTATION','2026-07-05 23:57:43','2026-07-05 23:57:43'),(88,13,'lokasi','KOTA KINABALU','2026-07-05 23:57:43','2026-07-05 23:57:43'),(89,13,'kuantiti','1','2026-07-05 23:57:43','2026-07-05 23:57:43'),(90,13,'vendor','HP','2026-07-05 23:57:43','2026-07-05 23:57:43'),(91,13,'status','REPAIR','2026-07-05 23:57:43','2026-07-06 20:10:32'),(92,14,'aset_id','ATM-543142','2026-07-05 23:57:43','2026-07-05 23:57:43'),(93,14,'kategori_aset','Hardware','2026-07-05 23:57:43','2026-07-05 23:57:43'),(94,14,'jenis_aset','MONITOR','2026-07-05 23:57:43','2026-07-05 23:57:43'),(95,14,'lokasi','KOTA KINABALU','2026-07-05 23:57:43','2026-07-05 23:57:43'),(96,14,'kuantiti','1','2026-07-05 23:57:43','2026-07-05 23:57:43'),(97,14,'vendor','EIZO','2026-07-05 23:57:43','2026-07-05 23:57:43'),(98,14,'status','AVAILABLE','2026-07-05 23:57:43','2026-07-05 23:58:04'),(99,15,'aset_id','ATM-543143','2026-07-05 23:57:43','2026-07-05 23:57:43'),(100,15,'kategori_aset','Hardware','2026-07-05 23:57:43','2026-07-05 23:57:43'),(101,15,'jenis_aset','MONITOR','2026-07-05 23:57:43','2026-07-05 23:57:43'),(102,15,'lokasi','KOTA KINABALU','2026-07-05 23:57:43','2026-07-05 23:57:43'),(103,15,'kuantiti','1','2026-07-05 23:57:43','2026-07-05 23:57:43'),(104,15,'vendor','EIZO','2026-07-05 23:57:43','2026-07-05 23:57:43'),(105,15,'status','AVAILABLE','2026-07-05 23:57:43','2026-07-05 23:58:04'),(106,16,'aset_id','ATM-543144','2026-07-05 23:57:43','2026-07-05 23:57:43'),(107,16,'kategori_aset','Hardware','2026-07-05 23:57:43','2026-07-05 23:57:43'),(108,16,'jenis_aset','WORKSTATION','2026-07-05 23:57:43','2026-07-05 23:57:43'),(109,16,'lokasi','KOTA KINABALU','2026-07-05 23:57:43','2026-07-05 23:57:43'),(110,16,'kuantiti','1','2026-07-05 23:57:43','2026-07-05 23:57:43'),(111,16,'vendor','HP','2026-07-05 23:57:43','2026-07-05 23:57:43'),(112,16,'status','USED','2026-07-05 23:57:43','2026-07-06 20:10:26'),(113,17,'aset_id','ATM-543145','2026-07-05 23:57:43','2026-07-05 23:57:43'),(114,17,'kategori_aset','Hardware','2026-07-05 23:57:43','2026-07-05 23:57:43'),(115,17,'jenis_aset','MONITOR','2026-07-05 23:57:43','2026-07-05 23:57:43'),(116,17,'lokasi','KOTA KINABALU','2026-07-05 23:57:43','2026-07-05 23:57:43'),(117,17,'kuantiti','1','2026-07-05 23:57:43','2026-07-05 23:57:43'),(118,17,'vendor','EIZO','2026-07-05 23:57:43','2026-07-05 23:57:43'),(119,17,'status','REPAIR','2026-07-05 23:57:43','2026-07-06 20:10:28'),(120,18,'aset_id','ATM-543146','2026-07-05 23:57:43','2026-07-05 23:57:43'),(121,18,'kategori_aset','Hardware','2026-07-05 23:57:43','2026-07-05 23:57:43'),(122,18,'jenis_aset','MONITOR','2026-07-05 23:57:43','2026-07-05 23:57:43'),(123,18,'lokasi','KOTA KINABALU','2026-07-05 23:57:43','2026-07-05 23:57:43'),(124,18,'kuantiti','1','2026-07-05 23:57:43','2026-07-05 23:57:43'),(125,18,'vendor','EIZO','2026-07-05 23:57:43','2026-07-05 23:57:43'),(126,18,'status','AVAILABLE','2026-07-05 23:57:43','2026-07-05 23:58:04'),(127,19,'aset_id','ATM-543147','2026-07-05 23:57:43','2026-07-05 23:57:43'),(128,19,'kategori_aset','Hardware','2026-07-05 23:57:43','2026-07-05 23:57:43'),(129,19,'jenis_aset','WORKSTATION','2026-07-05 23:57:43','2026-07-05 23:57:43'),(130,19,'lokasi','KOTA KINABALU','2026-07-05 23:57:43','2026-07-05 23:57:43'),(131,19,'kuantiti','1','2026-07-05 23:57:43','2026-07-05 23:57:43'),(132,19,'vendor','HP','2026-07-05 23:57:43','2026-07-05 23:57:43'),(133,19,'status','AVAILABLE','2026-07-05 23:57:43','2026-07-05 23:58:04'),(134,20,'aset_id','ATM-543148','2026-07-05 23:57:43','2026-07-05 23:57:43'),(135,20,'kategori_aset','Hardware','2026-07-05 23:57:43','2026-07-05 23:57:43'),(136,20,'jenis_aset','MONITOR','2026-07-05 23:57:43','2026-07-05 23:57:43'),(137,20,'lokasi','KOTA KINABALU','2026-07-05 23:57:43','2026-07-05 23:57:43'),(138,20,'kuantiti','1','2026-07-05 23:57:43','2026-07-05 23:57:43'),(139,20,'vendor','EIZO','2026-07-05 23:57:43','2026-07-05 23:57:43'),(140,20,'status','AVAILABLE','2026-07-05 23:57:43','2026-07-05 23:58:04'),(141,21,'aset_id','ATM-543149','2026-07-05 23:57:43','2026-07-05 23:57:43'),(142,21,'kategori_aset','Hardware','2026-07-05 23:57:43','2026-07-05 23:57:43'),(143,21,'jenis_aset','MONITOR','2026-07-05 23:57:43','2026-07-05 23:57:43'),(144,21,'lokasi','KOTA KINABALU','2026-07-05 23:57:43','2026-07-05 23:57:43'),(145,21,'kuantiti','1','2026-07-05 23:57:43','2026-07-05 23:57:43'),(146,21,'vendor','EIZO','2026-07-05 23:57:43','2026-07-05 23:57:43'),(147,21,'status','AVAILABLE','2026-07-05 23:57:43','2026-07-05 23:58:04'),(148,22,'aset_id','ATM-543150','2026-07-05 23:57:43','2026-07-05 23:57:43'),(149,22,'kategori_aset','Hardware','2026-07-05 23:57:43','2026-07-05 23:57:43'),(150,22,'jenis_aset','WORKSTATION','2026-07-05 23:57:43','2026-07-05 23:57:43'),(151,22,'lokasi','KOTA KINABALU','2026-07-05 23:57:43','2026-07-05 23:57:43'),(152,22,'kuantiti','1','2026-07-05 23:57:43','2026-07-05 23:57:43'),(153,22,'vendor','HP','2026-07-05 23:57:43','2026-07-05 23:57:43'),(154,22,'status','AVAILABLE','2026-07-05 23:57:43','2026-07-05 23:58:04'),(155,23,'aset_id','ATM-543151','2026-07-05 23:57:43','2026-07-05 23:57:43'),(156,23,'kategori_aset','Hardware','2026-07-05 23:57:43','2026-07-05 23:57:43'),(157,23,'jenis_aset','MONITOR','2026-07-05 23:57:43','2026-07-05 23:57:43'),(158,23,'lokasi','KOTA KINABALU','2026-07-05 23:57:43','2026-07-05 23:57:43'),(159,23,'kuantiti','1','2026-07-05 23:57:43','2026-07-05 23:57:43'),(160,23,'vendor','EIZO','2026-07-05 23:57:43','2026-07-05 23:57:43'),(161,23,'status','AVAILABLE','2026-07-05 23:57:43','2026-07-05 23:58:04'),(162,24,'aset_id','ATM-543152','2026-07-05 23:57:43','2026-07-05 23:57:43'),(163,24,'kategori_aset','Hardware','2026-07-05 23:57:43','2026-07-05 23:57:43'),(164,24,'jenis_aset','MONITOR','2026-07-05 23:57:43','2026-07-05 23:57:43'),(165,24,'lokasi','KOTA KINABALU','2026-07-05 23:57:43','2026-07-05 23:57:43'),(166,24,'kuantiti','1','2026-07-05 23:57:43','2026-07-05 23:57:43'),(167,24,'vendor','EIZO','2026-07-05 23:57:43','2026-07-05 23:57:43'),(168,24,'status','AVAILABLE','2026-07-05 23:57:43','2026-07-05 23:58:04'),(169,25,'aset_id','ATM-543153','2026-07-05 23:57:43','2026-07-05 23:57:43'),(170,25,'kategori_aset','Hardware','2026-07-05 23:57:43','2026-07-05 23:57:43'),(171,25,'jenis_aset','WORKSTATION','2026-07-05 23:57:43','2026-07-05 23:57:43'),(172,25,'lokasi','KOTA KINABALU','2026-07-05 23:57:43','2026-07-05 23:57:43'),(173,25,'kuantiti','1','2026-07-05 23:57:43','2026-07-05 23:57:43'),(174,25,'vendor','HP','2026-07-05 23:57:43','2026-07-05 23:57:43'),(175,25,'status','AVAILABLE','2026-07-05 23:57:43','2026-07-05 23:58:04'),(176,26,'aset_id','ATM-543154','2026-07-05 23:57:43','2026-07-05 23:57:43'),(177,26,'kategori_aset','Hardware','2026-07-05 23:57:43','2026-07-05 23:57:43'),(178,26,'jenis_aset','MONITOR','2026-07-05 23:57:43','2026-07-05 23:57:43'),(179,26,'lokasi','KOTA KINABALU','2026-07-05 23:57:43','2026-07-05 23:57:43'),(180,26,'kuantiti','1','2026-07-05 23:57:43','2026-07-05 23:57:43'),(181,26,'vendor','EIZO','2026-07-05 23:57:43','2026-07-05 23:57:43'),(182,26,'status','AVAILABLE','2026-07-05 23:57:43','2026-07-05 23:58:04'),(183,27,'aset_id','ATM-543155','2026-07-05 23:57:43','2026-07-05 23:57:43'),(184,27,'kategori_aset','Hardware','2026-07-05 23:57:43','2026-07-05 23:57:43'),(185,27,'jenis_aset','MONITOR','2026-07-05 23:57:43','2026-07-05 23:57:43'),(186,27,'lokasi','KOTA KINABALU','2026-07-05 23:57:43','2026-07-05 23:57:43'),(187,27,'kuantiti','1','2026-07-05 23:57:43','2026-07-05 23:57:43'),(188,27,'vendor','EIZO','2026-07-05 23:57:43','2026-07-05 23:57:43'),(189,27,'status','AVAILABLE','2026-07-05 23:57:43','2026-07-05 23:58:04'),(190,28,'aset_id','ATM-543156','2026-07-05 23:57:43','2026-07-05 23:57:43'),(191,28,'kategori_aset','Hardware','2026-07-05 23:57:43','2026-07-05 23:57:43'),(192,28,'jenis_aset','WORKSTATION','2026-07-05 23:57:43','2026-07-05 23:57:43'),(193,28,'lokasi','KOTA KINABALU','2026-07-05 23:57:43','2026-07-05 23:57:43'),(194,28,'kuantiti','1','2026-07-05 23:57:43','2026-07-05 23:57:43'),(195,28,'vendor','HP','2026-07-05 23:57:43','2026-07-05 23:57:43'),(196,28,'status','AVAILABLE','2026-07-05 23:57:43','2026-07-05 23:58:04'),(197,29,'aset_id','ATM-543157','2026-07-05 23:57:43','2026-07-05 23:57:43'),(198,29,'kategori_aset','Hardware','2026-07-05 23:57:43','2026-07-05 23:57:43'),(199,29,'jenis_aset','MONITOR','2026-07-05 23:57:43','2026-07-05 23:57:43'),(200,29,'lokasi','KOTA KINABALU','2026-07-05 23:57:43','2026-07-05 23:57:43'),(201,29,'kuantiti','1','2026-07-05 23:57:43','2026-07-05 23:57:43'),(202,29,'vendor','EIZO','2026-07-05 23:57:43','2026-07-05 23:57:43'),(203,29,'status','AVAILABLE','2026-07-05 23:57:43','2026-07-05 23:58:04'),(204,30,'aset_id','ATM-543158','2026-07-05 23:57:43','2026-07-05 23:57:43'),(205,30,'kategori_aset','Hardware','2026-07-05 23:57:43','2026-07-05 23:57:43'),(206,30,'jenis_aset','MONITOR','2026-07-05 23:57:43','2026-07-05 23:57:43'),(207,30,'lokasi','KOTA KINABALU','2026-07-05 23:57:43','2026-07-05 23:57:43'),(208,30,'kuantiti','1','2026-07-05 23:57:43','2026-07-05 23:57:43'),(209,30,'vendor','EIZO','2026-07-05 23:57:43','2026-07-05 23:57:43'),(210,30,'status','AVAILABLE','2026-07-05 23:57:43','2026-07-05 23:58:04'),(211,31,'aset_id','ATM-543159','2026-07-05 23:57:43','2026-07-05 23:57:43'),(212,31,'kategori_aset','Hardware','2026-07-05 23:57:43','2026-07-05 23:57:43'),(213,31,'jenis_aset','WORKSTATION','2026-07-05 23:57:43','2026-07-05 23:57:43'),(214,31,'lokasi','KOTA KINABALU','2026-07-05 23:57:43','2026-07-05 23:57:43'),(215,31,'kuantiti','1','2026-07-05 23:57:43','2026-07-05 23:57:43'),(216,31,'vendor','HP','2026-07-05 23:57:43','2026-07-05 23:57:43'),(217,31,'status','AVAILABLE','2026-07-05 23:57:43','2026-07-05 23:58:04'),(218,32,'aset_id','ATM-543160','2026-07-05 23:57:43','2026-07-05 23:57:43'),(219,32,'kategori_aset','Hardware','2026-07-05 23:57:43','2026-07-05 23:57:43'),(220,32,'jenis_aset','WORKSTATION','2026-07-05 23:57:43','2026-07-05 23:57:43'),(221,32,'lokasi','KOTA KINABALU','2026-07-05 23:57:43','2026-07-05 23:57:43'),(222,32,'kuantiti','1','2026-07-05 23:57:43','2026-07-05 23:57:43'),(223,32,'vendor','HP','2026-07-05 23:57:43','2026-07-05 23:57:43'),(224,32,'status','AVAILABLE','2026-07-05 23:57:43','2026-07-05 23:58:04'),(225,33,'aset_id','ATM-543161','2026-07-05 23:57:43','2026-07-05 23:57:43'),(226,33,'kategori_aset','Hardware','2026-07-05 23:57:43','2026-07-05 23:57:43'),(227,33,'jenis_aset','WORKSTATION','2026-07-05 23:57:43','2026-07-05 23:57:43'),(228,33,'lokasi','KOTA KINABALU','2026-07-05 23:57:43','2026-07-05 23:57:43'),(229,33,'kuantiti','1','2026-07-05 23:57:43','2026-07-05 23:57:43'),(230,33,'vendor','HP','2026-07-05 23:57:43','2026-07-05 23:57:43'),(231,33,'status','AVAILABLE','2026-07-05 23:57:43','2026-07-05 23:58:04'),(232,34,'aset_id','ATM-543162','2026-07-05 23:57:43','2026-07-05 23:57:43'),(233,34,'kategori_aset','Hardware','2026-07-05 23:57:43','2026-07-05 23:57:43'),(234,34,'jenis_aset','WORKSTATION','2026-07-05 23:57:43','2026-07-05 23:57:43'),(235,34,'lokasi','KOTA KINABALU','2026-07-05 23:57:43','2026-07-05 23:57:43'),(236,34,'kuantiti','1','2026-07-05 23:57:43','2026-07-05 23:57:43'),(237,34,'vendor','HP','2026-07-05 23:57:43','2026-07-05 23:57:43'),(238,34,'status','AVAILABLE','2026-07-05 23:57:43','2026-07-05 23:58:04'),(239,35,'aset_id','ATM-543163','2026-07-05 23:57:43','2026-07-05 23:57:43'),(240,35,'kategori_aset','Hardware','2026-07-05 23:57:43','2026-07-05 23:57:43'),(241,35,'jenis_aset','MONITOR','2026-07-05 23:57:43','2026-07-05 23:57:43'),(242,35,'lokasi','KOTA KINABALU','2026-07-05 23:57:43','2026-07-05 23:57:43'),(243,35,'kuantiti','1','2026-07-05 23:57:43','2026-07-05 23:57:43'),(244,35,'vendor','EIZO','2026-07-05 23:57:43','2026-07-05 23:57:43'),(245,35,'status','AVAILABLE','2026-07-05 23:57:43','2026-07-05 23:58:04'),(246,36,'aset_id','ATM-543164','2026-07-05 23:57:43','2026-07-05 23:57:43'),(247,36,'kategori_aset','Hardware','2026-07-05 23:57:43','2026-07-05 23:57:43'),(248,36,'jenis_aset','WORKSTATION','2026-07-05 23:57:43','2026-07-05 23:57:43'),(249,36,'lokasi','KOTA KINABALU','2026-07-05 23:57:43','2026-07-05 23:57:43'),(250,36,'kuantiti','1','2026-07-05 23:57:43','2026-07-05 23:57:43'),(251,36,'vendor','HP','2026-07-05 23:57:43','2026-07-05 23:57:43'),(252,36,'status','AVAILABLE','2026-07-05 23:57:43','2026-07-05 23:58:04'),(253,37,'aset_id','ATM-543165','2026-07-05 23:57:43','2026-07-05 23:57:43'),(254,37,'kategori_aset','Hardware','2026-07-05 23:57:43','2026-07-05 23:57:43'),(255,37,'jenis_aset','MONITOR','2026-07-05 23:57:43','2026-07-05 23:57:43'),(256,37,'lokasi','KOTA KINABALU','2026-07-05 23:57:43','2026-07-05 23:57:43'),(257,37,'kuantiti','1','2026-07-05 23:57:43','2026-07-05 23:57:43'),(258,37,'vendor','EIZO','2026-07-05 23:57:43','2026-07-05 23:57:43'),(259,37,'status','AVAILABLE','2026-07-05 23:57:43','2026-07-05 23:58:04'),(260,38,'aset_id','ATM-543166','2026-07-05 23:57:43','2026-07-05 23:57:43'),(261,38,'kategori_aset','Hardware','2026-07-05 23:57:43','2026-07-05 23:57:43'),(262,38,'jenis_aset','FIREWALL','2026-07-05 23:57:43','2026-07-05 23:57:43'),(263,38,'lokasi','KOTA KINABALU','2026-07-05 23:57:43','2026-07-05 23:57:43'),(264,38,'kuantiti','1','2026-07-05 23:57:43','2026-07-05 23:57:43'),(265,38,'vendor','Fortinet','2026-07-05 23:57:43','2026-07-05 23:57:43'),(266,38,'status','AVAILABLE','2026-07-05 23:57:43','2026-07-05 23:58:04'),(267,39,'aset_id','ATM-543167','2026-07-05 23:57:43','2026-07-05 23:57:43'),(268,39,'kategori_aset','Hardware','2026-07-05 23:57:43','2026-07-05 23:57:43'),(269,39,'jenis_aset','FIREWALL','2026-07-05 23:57:43','2026-07-05 23:57:43'),(270,39,'lokasi','KOTA KINABALU','2026-07-05 23:57:43','2026-07-05 23:57:43'),(271,39,'kuantiti','1','2026-07-05 23:57:43','2026-07-05 23:57:43'),(272,39,'vendor','Fortinet','2026-07-05 23:57:43','2026-07-05 23:57:43'),(273,39,'status','AVAILABLE','2026-07-05 23:57:43','2026-07-05 23:58:04'),(274,40,'aset_id','ATM-543168','2026-07-05 23:57:43','2026-07-05 23:57:43'),(275,40,'kategori_aset','Hardware','2026-07-05 23:57:43','2026-07-05 23:57:43'),(276,40,'jenis_aset','WORKSTATION','2026-07-05 23:57:43','2026-07-05 23:57:43'),(277,40,'lokasi','KOTA KINABALU','2026-07-05 23:57:43','2026-07-05 23:57:43'),(278,40,'kuantiti','1','2026-07-05 23:57:43','2026-07-05 23:57:43'),(279,40,'vendor','HP','2026-07-05 23:57:43','2026-07-05 23:57:43'),(280,40,'status','AVAILABLE','2026-07-05 23:57:43','2026-07-05 23:58:04'),(281,41,'aset_id','ATM-543169','2026-07-05 23:57:43','2026-07-05 23:57:43'),(282,41,'kategori_aset','Hardware','2026-07-05 23:57:43','2026-07-05 23:57:43'),(283,41,'jenis_aset','MONITOR','2026-07-05 23:57:43','2026-07-05 23:57:43'),(284,41,'lokasi','KOTA KINABALU','2026-07-05 23:57:43','2026-07-05 23:57:43'),(285,41,'kuantiti','1','2026-07-05 23:57:43','2026-07-05 23:57:43'),(286,41,'vendor','EIZO','2026-07-05 23:57:43','2026-07-05 23:57:43'),(287,41,'status','AVAILABLE','2026-07-05 23:57:43','2026-07-05 23:58:04'),(288,42,'aset_id','ATM-543170','2026-07-05 23:57:43','2026-07-05 23:57:43'),(289,42,'kategori_aset','Hardware','2026-07-05 23:57:43','2026-07-05 23:57:43'),(290,42,'jenis_aset','MONITOR','2026-07-05 23:57:43','2026-07-05 23:57:43'),(291,42,'lokasi','KOTA KINABALU','2026-07-05 23:57:43','2026-07-05 23:57:43'),(292,42,'kuantiti','1','2026-07-05 23:57:43','2026-07-05 23:57:43'),(293,42,'vendor','EIZO','2026-07-05 23:57:43','2026-07-05 23:57:43'),(294,42,'status','AVAILABLE','2026-07-05 23:57:43','2026-07-05 23:58:04'),(295,43,'aset_id','ATM-543171','2026-07-05 23:57:43','2026-07-05 23:57:43'),(296,43,'kategori_aset','Hardware','2026-07-05 23:57:43','2026-07-05 23:57:43'),(297,43,'jenis_aset','WORKSTATION','2026-07-05 23:57:43','2026-07-05 23:57:43'),(298,43,'lokasi','KOTA KINABALU','2026-07-05 23:57:43','2026-07-05 23:57:43'),(299,43,'kuantiti','1','2026-07-05 23:57:43','2026-07-05 23:57:43'),(300,43,'vendor','HP','2026-07-05 23:57:43','2026-07-05 23:57:43'),(301,43,'status','AVAILABLE','2026-07-05 23:57:43','2026-07-05 23:58:04'),(302,44,'aset_id','ATM-543172','2026-07-05 23:57:43','2026-07-05 23:57:43'),(303,44,'kategori_aset','Hardware','2026-07-05 23:57:43','2026-07-05 23:57:43'),(304,44,'jenis_aset','WORKSTATION','2026-07-05 23:57:43','2026-07-05 23:57:43'),(305,44,'lokasi','KOTA KINABALU','2026-07-05 23:57:43','2026-07-05 23:57:43'),(306,44,'kuantiti','1','2026-07-05 23:57:43','2026-07-05 23:57:43'),(307,44,'vendor','HP','2026-07-05 23:57:43','2026-07-05 23:57:43'),(308,44,'status','AVAILABLE','2026-07-05 23:57:43','2026-07-05 23:58:04'),(309,45,'aset_id','ATM-543173','2026-07-05 23:57:43','2026-07-05 23:57:43'),(310,45,'kategori_aset','Hardware','2026-07-05 23:57:43','2026-07-05 23:57:43'),(311,45,'jenis_aset','WORKSTATION','2026-07-05 23:57:43','2026-07-05 23:57:43'),(312,45,'lokasi','KOTA KINABALU','2026-07-05 23:57:43','2026-07-05 23:57:43'),(313,45,'kuantiti','1','2026-07-05 23:57:43','2026-07-05 23:57:43'),(314,45,'vendor','HP','2026-07-05 23:57:43','2026-07-05 23:57:43'),(315,45,'status','AVAILABLE','2026-07-05 23:57:43','2026-07-05 23:58:04'),(316,46,'aset_id','ATM-543174','2026-07-05 23:57:43','2026-07-05 23:57:43'),(317,46,'kategori_aset','Hardware','2026-07-05 23:57:43','2026-07-05 23:57:43'),(318,46,'jenis_aset','WORKSTATION','2026-07-05 23:57:43','2026-07-05 23:57:43'),(319,46,'lokasi','KOTA KINABALU','2026-07-05 23:57:43','2026-07-05 23:57:43'),(320,46,'kuantiti','1','2026-07-05 23:57:43','2026-07-05 23:57:43'),(321,46,'vendor','HP','2026-07-05 23:57:43','2026-07-05 23:57:43'),(322,46,'status','AVAILABLE','2026-07-05 23:57:43','2026-07-05 23:58:04'),(323,47,'aset_id','ATM-543175','2026-07-05 23:57:43','2026-07-05 23:57:43'),(324,47,'kategori_aset','Hardware','2026-07-05 23:57:43','2026-07-05 23:57:43'),(325,47,'jenis_aset','SWITCH','2026-07-05 23:57:43','2026-07-05 23:57:43'),(326,47,'lokasi','KOTA KINABALU','2026-07-05 23:57:43','2026-07-05 23:57:43'),(327,47,'kuantiti','1','2026-07-05 23:57:43','2026-07-05 23:57:43'),(328,47,'vendor','CISCO','2026-07-05 23:57:43','2026-07-05 23:57:43'),(329,47,'status','AVAILABLE','2026-07-05 23:57:43','2026-07-05 23:58:04'),(330,48,'aset_id','ATM-543176','2026-07-05 23:57:43','2026-07-05 23:57:43'),(331,48,'kategori_aset','Hardware','2026-07-05 23:57:43','2026-07-05 23:57:43'),(332,48,'jenis_aset','SWITCH','2026-07-05 23:57:43','2026-07-05 23:57:43'),(333,48,'lokasi','KOTA KINABALU','2026-07-05 23:57:43','2026-07-05 23:57:43'),(334,48,'kuantiti','1','2026-07-05 23:57:43','2026-07-05 23:57:43'),(335,48,'vendor','CISCO','2026-07-05 23:57:43','2026-07-05 23:57:43'),(336,48,'status','AVAILABLE','2026-07-05 23:57:43','2026-07-05 23:58:04'),(337,49,'aset_id','ATM-543177','2026-07-05 23:57:43','2026-07-05 23:57:43'),(338,49,'kategori_aset','Hardware','2026-07-05 23:57:43','2026-07-05 23:57:43'),(339,49,'jenis_aset','SWITCH','2026-07-05 23:57:43','2026-07-05 23:57:43'),(340,49,'lokasi','KOTA KINABALU','2026-07-05 23:57:43','2026-07-05 23:57:43'),(341,49,'kuantiti','1','2026-07-05 23:57:43','2026-07-05 23:57:43'),(342,49,'vendor','CISCO','2026-07-05 23:57:43','2026-07-05 23:57:43'),(343,49,'status','AVAILABLE','2026-07-05 23:57:43','2026-07-05 23:58:04'),(344,50,'aset_id','ATM-543178','2026-07-05 23:57:43','2026-07-05 23:57:43'),(345,50,'kategori_aset','Hardware','2026-07-05 23:57:43','2026-07-05 23:57:43'),(346,50,'jenis_aset','SWITCH','2026-07-05 23:57:43','2026-07-05 23:57:43'),(347,50,'lokasi','KOTA KINABALU','2026-07-05 23:57:43','2026-07-05 23:57:43'),(348,50,'kuantiti','1','2026-07-05 23:57:43','2026-07-05 23:57:43'),(349,50,'vendor','CISCO','2026-07-05 23:57:43','2026-07-05 23:57:43'),(350,50,'status','AVAILABLE','2026-07-05 23:57:43','2026-07-05 23:58:04'),(351,51,'aset_id','ATM-543179','2026-07-05 23:57:43','2026-07-05 23:57:43'),(352,51,'kategori_aset','Hardware','2026-07-05 23:57:43','2026-07-05 23:57:43'),(353,51,'jenis_aset','SWITCH','2026-07-05 23:57:43','2026-07-05 23:57:43'),(354,51,'lokasi','KOTA KINABALU','2026-07-05 23:57:43','2026-07-05 23:57:43'),(355,51,'kuantiti','1','2026-07-05 23:57:43','2026-07-05 23:57:43'),(356,51,'vendor','CISCO','2026-07-05 23:57:43','2026-07-05 23:57:43'),(357,51,'status','AVAILABLE','2026-07-05 23:57:43','2026-07-05 23:58:04'),(358,52,'aset_id','ATM-543180','2026-07-05 23:57:43','2026-07-05 23:57:43'),(359,52,'kategori_aset','Hardware','2026-07-05 23:57:43','2026-07-05 23:57:43'),(360,52,'jenis_aset','SWITCH','2026-07-05 23:57:43','2026-07-05 23:57:43'),(361,52,'lokasi','KOTA KINABALU','2026-07-05 23:57:43','2026-07-05 23:57:43'),(362,52,'kuantiti','1','2026-07-05 23:57:43','2026-07-05 23:57:43'),(363,52,'vendor','CISCO','2026-07-05 23:57:43','2026-07-05 23:57:43'),(364,52,'status','AVAILABLE','2026-07-05 23:57:43','2026-07-05 23:58:04'),(365,53,'aset_id','ATM-543181','2026-07-05 23:57:43','2026-07-05 23:57:43'),(366,53,'kategori_aset','Hardware','2026-07-05 23:57:43','2026-07-05 23:57:43'),(367,53,'jenis_aset','SERVER','2026-07-05 23:57:43','2026-07-05 23:57:43'),(368,53,'lokasi','KOTA KINABALU','2026-07-05 23:57:43','2026-07-05 23:57:43'),(369,53,'kuantiti','1','2026-07-05 23:57:43','2026-07-05 23:57:43'),(370,53,'vendor','THALES','2026-07-05 23:57:43','2026-07-05 23:57:43'),(371,53,'status','AVAILABLE','2026-07-05 23:57:43','2026-07-05 23:58:04'),(372,54,'aset_id','ATM-543182','2026-07-05 23:57:43','2026-07-05 23:57:43'),(373,54,'kategori_aset','Hardware','2026-07-05 23:57:43','2026-07-05 23:57:43'),(374,54,'jenis_aset','SPLITTER','2026-07-05 23:57:43','2026-07-05 23:57:43'),(375,54,'lokasi','KOTA KINABALU','2026-07-05 23:57:43','2026-07-05 23:57:43'),(376,54,'kuantiti','1','2026-07-05 23:57:43','2026-07-05 23:57:43'),(377,54,'vendor','CesCom','2026-07-05 23:57:43','2026-07-05 23:57:43'),(378,54,'status','AVAILABLE','2026-07-05 23:57:43','2026-07-05 23:58:04'),(379,55,'aset_id','ATM-543183','2026-07-05 23:57:43','2026-07-05 23:57:43'),(380,55,'kategori_aset','Hardware','2026-07-05 23:57:43','2026-07-05 23:57:43'),(381,55,'jenis_aset','SERVER','2026-07-05 23:57:43','2026-07-05 23:57:43'),(382,55,'lokasi','KOTA KINABALU','2026-07-05 23:57:43','2026-07-05 23:57:43'),(383,55,'kuantiti','1','2026-07-05 23:57:43','2026-07-05 23:57:43'),(384,55,'vendor','THALES','2026-07-05 23:57:43','2026-07-05 23:57:43'),(385,55,'status','AVAILABLE','2026-07-05 23:57:43','2026-07-05 23:58:04'),(386,56,'aset_id','ATM-543184','2026-07-05 23:57:43','2026-07-05 23:57:43'),(387,56,'kategori_aset','Hardware','2026-07-05 23:57:43','2026-07-05 23:57:43'),(388,56,'jenis_aset','SPLITTER','2026-07-05 23:57:43','2026-07-05 23:57:43'),(389,56,'lokasi','KOTA KINABALU','2026-07-05 23:57:43','2026-07-05 23:57:43'),(390,56,'kuantiti','1','2026-07-05 23:57:43','2026-07-05 23:57:43'),(391,56,'vendor','CesCom','2026-07-05 23:57:43','2026-07-05 23:57:43'),(392,56,'status','AVAILABLE','2026-07-05 23:57:43','2026-07-05 23:58:04'),(393,57,'aset_id','ATM-543185','2026-07-05 23:57:43','2026-07-05 23:57:43'),(394,57,'kategori_aset','Hardware','2026-07-05 23:57:43','2026-07-05 23:57:43'),(395,57,'jenis_aset','WORKSTATION','2026-07-05 23:57:43','2026-07-05 23:57:43'),(396,57,'lokasi','KOTA KINABALU','2026-07-05 23:57:43','2026-07-05 23:57:43'),(397,57,'kuantiti','1','2026-07-05 23:57:43','2026-07-05 23:57:43'),(398,57,'vendor','HP','2026-07-05 23:57:43','2026-07-05 23:57:43'),(399,57,'status','AVAILABLE','2026-07-05 23:57:43','2026-07-05 23:58:04'),(400,58,'aset_id','ATM-543186','2026-07-05 23:57:43','2026-07-05 23:57:43'),(401,58,'kategori_aset','Hardware','2026-07-05 23:57:43','2026-07-05 23:57:43'),(402,58,'jenis_aset','TIME SERVER','2026-07-05 23:57:43','2026-07-05 23:57:43'),(403,58,'lokasi','KOTA KINABALU','2026-07-05 23:57:43','2026-07-05 23:57:43'),(404,58,'kuantiti','1','2026-07-05 23:57:43','2026-07-05 23:57:43'),(405,58,'vendor','Microsemi','2026-07-05 23:57:43','2026-07-05 23:57:43'),(406,58,'status','AVAILABLE','2026-07-05 23:57:43','2026-07-05 23:58:04'),(407,59,'aset_id','ATM-543187','2026-07-05 23:57:43','2026-07-05 23:57:43'),(408,59,'kategori_aset','Hardware','2026-07-05 23:57:43','2026-07-05 23:57:43'),(409,59,'jenis_aset','TIME SERVER','2026-07-05 23:57:43','2026-07-05 23:57:43'),(410,59,'lokasi','KOTA KINABALU','2026-07-05 23:57:43','2026-07-05 23:57:43'),(411,59,'kuantiti','1','2026-07-05 23:57:43','2026-07-05 23:57:43'),(412,59,'vendor','Microsemi','2026-07-05 23:57:43','2026-07-05 23:57:43'),(413,59,'status','AVAILABLE','2026-07-05 23:57:43','2026-07-05 23:58:04'),(414,60,'aset_id','ATM-543188','2026-07-05 23:57:43','2026-07-05 23:57:43'),(415,60,'kategori_aset','Hardware','2026-07-05 23:57:43','2026-07-05 23:57:43'),(416,60,'jenis_aset','WORKSTATION','2026-07-05 23:57:43','2026-07-05 23:57:43'),(417,60,'lokasi','KOTA KINABALU','2026-07-05 23:57:43','2026-07-05 23:57:43'),(418,60,'kuantiti','1','2026-07-05 23:57:43','2026-07-05 23:57:43'),(419,60,'vendor','HP','2026-07-05 23:57:43','2026-07-05 23:57:43'),(420,60,'status','AVAILABLE','2026-07-05 23:57:43','2026-07-05 23:58:04'),(421,61,'aset_id','ATM-543189','2026-07-05 23:57:43','2026-07-05 23:57:43'),(422,61,'kategori_aset','Hardware','2026-07-05 23:57:43','2026-07-05 23:57:43'),(423,61,'jenis_aset','MONITOR','2026-07-05 23:57:43','2026-07-05 23:57:43'),(424,61,'lokasi','KOTA KINABALU','2026-07-05 23:57:43','2026-07-05 23:57:43'),(425,61,'kuantiti','1','2026-07-05 23:57:43','2026-07-05 23:57:43'),(426,61,'vendor','EIZO','2026-07-05 23:57:43','2026-07-05 23:57:43'),(427,61,'status','AVAILABLE','2026-07-05 23:57:43','2026-07-05 23:58:04'),(428,62,'aset_id','ATM-543190','2026-07-05 23:57:43','2026-07-05 23:57:43'),(429,62,'kategori_aset','Hardware','2026-07-05 23:57:43','2026-07-05 23:57:43'),(430,62,'jenis_aset','MONITOR','2026-07-05 23:57:43','2026-07-05 23:57:43'),(431,62,'lokasi','KOTA KINABALU','2026-07-05 23:57:43','2026-07-05 23:57:43'),(432,62,'kuantiti','1','2026-07-05 23:57:43','2026-07-05 23:57:43'),(433,62,'vendor','EIZO','2026-07-05 23:57:43','2026-07-05 23:57:43'),(434,62,'status','AVAILABLE','2026-07-05 23:57:43','2026-07-05 23:58:04'),(435,63,'aset_id','ATM-543191','2026-07-05 23:57:43','2026-07-05 23:57:43'),(436,63,'kategori_aset','Hardware','2026-07-05 23:57:43','2026-07-05 23:57:43'),(437,63,'jenis_aset','WORKSTATION','2026-07-05 23:57:43','2026-07-05 23:57:43'),(438,63,'lokasi','KOTA KINABALU','2026-07-05 23:57:43','2026-07-05 23:57:43'),(439,63,'kuantiti','1','2026-07-05 23:57:43','2026-07-05 23:57:43'),(440,63,'vendor','HP','2026-07-05 23:57:43','2026-07-05 23:57:43'),(441,63,'status','AVAILABLE','2026-07-05 23:57:43','2026-07-05 23:58:04'),(442,64,'aset_id','ATM-543192','2026-07-05 23:57:43','2026-07-05 23:57:43'),(443,64,'kategori_aset','Hardware','2026-07-05 23:57:43','2026-07-05 23:57:43'),(444,64,'jenis_aset','MONITOR','2026-07-05 23:57:43','2026-07-05 23:57:43'),(445,64,'lokasi','KOTA KINABALU','2026-07-05 23:57:43','2026-07-05 23:57:43'),(446,64,'kuantiti','1','2026-07-05 23:57:43','2026-07-05 23:57:43'),(447,64,'vendor','EIZO','2026-07-05 23:57:43','2026-07-05 23:57:43'),(448,64,'status','AVAILABLE','2026-07-05 23:57:43','2026-07-05 23:58:04'),(449,65,'aset_id','ATM-543193','2026-07-05 23:57:43','2026-07-05 23:57:43'),(450,65,'kategori_aset','Hardware','2026-07-05 23:57:43','2026-07-05 23:57:43'),(451,65,'jenis_aset','WORKSTATION','2026-07-05 23:57:43','2026-07-05 23:57:43'),(452,65,'lokasi','KOTA KINABALU','2026-07-05 23:57:43','2026-07-05 23:57:43'),(453,65,'kuantiti','1','2026-07-05 23:57:43','2026-07-05 23:57:43'),(454,65,'vendor','HP','2026-07-05 23:57:43','2026-07-05 23:57:43'),(455,65,'status','AVAILABLE','2026-07-05 23:57:43','2026-07-05 23:58:04'),(456,66,'aset_id','ATM-543194','2026-07-05 23:57:43','2026-07-05 23:57:43'),(457,66,'kategori_aset','Hardware','2026-07-05 23:57:43','2026-07-05 23:57:43'),(458,66,'jenis_aset','SERVER RACK','2026-07-05 23:57:43','2026-07-05 23:57:43'),(459,66,'lokasi','KOTA KINABALU','2026-07-05 23:57:43','2026-07-05 23:57:43'),(460,66,'kuantiti','1','2026-07-05 23:57:43','2026-07-05 23:57:43'),(461,66,'vendor','HP','2026-07-05 23:57:43','2026-07-05 23:57:43'),(462,66,'status','AVAILABLE','2026-07-05 23:57:43','2026-07-05 23:58:04'),(463,67,'aset_id','ATM-543195','2026-07-05 23:57:43','2026-07-05 23:57:43'),(464,67,'kategori_aset','Hardware','2026-07-05 23:57:43','2026-07-05 23:57:43'),(465,67,'jenis_aset','SERVER RACK','2026-07-05 23:57:43','2026-07-05 23:57:43'),(466,67,'lokasi','KOTA KINABALU','2026-07-05 23:57:43','2026-07-05 23:57:43'),(467,67,'kuantiti','1','2026-07-05 23:57:43','2026-07-05 23:57:43'),(468,67,'vendor','HP','2026-07-05 23:57:43','2026-07-05 23:57:43'),(469,67,'status','AVAILABLE','2026-07-05 23:57:43','2026-07-05 23:58:04'),(470,68,'aset_id','ATM-543196','2026-07-05 23:57:43','2026-07-05 23:57:43'),(471,68,'kategori_aset','Hardware','2026-07-05 23:57:43','2026-07-05 23:57:43'),(472,68,'jenis_aset','SERVER RACK','2026-07-05 23:57:43','2026-07-05 23:57:43'),(473,68,'lokasi','KOTA KINABALU','2026-07-05 23:57:43','2026-07-05 23:57:43'),(474,68,'kuantiti','1','2026-07-05 23:57:43','2026-07-05 23:57:43'),(475,68,'vendor','HP','2026-07-05 23:57:43','2026-07-05 23:57:43'),(476,68,'status','AVAILABLE','2026-07-05 23:57:43','2026-07-05 23:58:04'),(477,69,'aset_id','ATM-543197','2026-07-05 23:57:43','2026-07-05 23:57:43'),(478,69,'kategori_aset','Hardware','2026-07-05 23:57:43','2026-07-05 23:57:43'),(479,69,'jenis_aset','ROUTER','2026-07-05 23:57:43','2026-07-05 23:57:43'),(480,69,'lokasi','KOTA KINABALU','2026-07-05 23:57:43','2026-07-05 23:57:43'),(481,69,'kuantiti','1','2026-07-05 23:57:43','2026-07-05 23:57:43'),(482,69,'vendor','CISCO','2026-07-05 23:57:43','2026-07-05 23:57:43'),(483,69,'status','AVAILABLE','2026-07-05 23:57:43','2026-07-05 23:58:04'),(484,70,'aset_id','ATM-543198','2026-07-05 23:57:43','2026-07-05 23:57:43'),(485,70,'kategori_aset','Hardware','2026-07-05 23:57:43','2026-07-05 23:57:43'),(486,70,'jenis_aset','SWITCH','2026-07-05 23:57:43','2026-07-05 23:57:43'),(487,70,'lokasi','KOTA KINABALU','2026-07-05 23:57:43','2026-07-05 23:57:43'),(488,70,'kuantiti','1','2026-07-05 23:57:43','2026-07-05 23:57:43'),(489,70,'vendor','CISCO','2026-07-05 23:57:43','2026-07-05 23:57:43'),(490,70,'status','AVAILABLE','2026-07-05 23:57:43','2026-07-05 23:58:04'),(491,71,'aset_id','ATM-543199','2026-07-05 23:57:43','2026-07-05 23:57:43'),(492,71,'kategori_aset','Hardware','2026-07-05 23:57:43','2026-07-05 23:57:43'),(493,71,'jenis_aset','SWITCH','2026-07-05 23:57:43','2026-07-05 23:57:43'),(494,71,'lokasi','KOTA KINABALU','2026-07-05 23:57:43','2026-07-05 23:57:43'),(495,71,'kuantiti','1','2026-07-05 23:57:43','2026-07-05 23:57:43'),(496,71,'vendor','CISCO','2026-07-05 23:57:43','2026-07-05 23:57:43'),(497,71,'status','AVAILABLE','2026-07-05 23:57:43','2026-07-05 23:58:04'),(498,72,'aset_id','ATM-543200','2026-07-05 23:57:43','2026-07-05 23:57:43'),(499,72,'kategori_aset','Hardware','2026-07-05 23:57:43','2026-07-05 23:57:43'),(500,72,'jenis_aset','WORKSTATION','2026-07-05 23:57:43','2026-07-05 23:57:43'),(501,72,'lokasi','KOTA KINABALU','2026-07-05 23:57:43','2026-07-05 23:57:43'),(502,72,'kuantiti','1','2026-07-05 23:57:43','2026-07-05 23:57:43'),(503,72,'vendor','Hewlett-Packard Enterprise','2026-07-05 23:57:43','2026-07-05 23:57:43'),(504,72,'status','AVAILABLE','2026-07-05 23:57:43','2026-07-05 23:58:04'),(505,73,'aset_id','ATM-543201','2026-07-05 23:57:43','2026-07-05 23:57:43'),(506,73,'kategori_aset','Hardware','2026-07-05 23:57:43','2026-07-05 23:57:43'),(507,73,'jenis_aset','WORKSTATION','2026-07-05 23:57:43','2026-07-05 23:57:43'),(508,73,'lokasi','KOTA KINABALU','2026-07-05 23:57:43','2026-07-05 23:57:43'),(509,73,'kuantiti','1','2026-07-05 23:57:43','2026-07-05 23:57:43'),(510,73,'vendor','Hewlett-Packard Enterprise','2026-07-05 23:57:43','2026-07-05 23:57:43'),(511,73,'status','AVAILABLE','2026-07-05 23:57:43','2026-07-05 23:58:04'),(512,74,'aset_id','ATM-543202','2026-07-05 23:57:43','2026-07-05 23:57:43'),(513,74,'kategori_aset','Hardware','2026-07-05 23:57:43','2026-07-05 23:57:43'),(514,74,'jenis_aset','WORKSTATION','2026-07-05 23:57:43','2026-07-05 23:57:43'),(515,74,'lokasi','KOTA KINABALU','2026-07-05 23:57:43','2026-07-05 23:57:43'),(516,74,'kuantiti','1','2026-07-05 23:57:43','2026-07-05 23:57:43'),(517,74,'vendor','Hewlett-Packard Enterprise','2026-07-05 23:57:43','2026-07-05 23:57:43'),(518,74,'status','AVAILABLE','2026-07-05 23:57:43','2026-07-05 23:58:04'),(519,75,'aset_id','ATM-543203','2026-07-05 23:57:43','2026-07-05 23:57:43'),(520,75,'kategori_aset','Hardware','2026-07-05 23:57:43','2026-07-05 23:57:43'),(521,75,'jenis_aset','MONITOR','2026-07-05 23:57:43','2026-07-05 23:57:43'),(522,75,'lokasi','KOTA KINABALU','2026-07-05 23:57:43','2026-07-05 23:57:43'),(523,75,'kuantiti','1','2026-07-05 23:57:43','2026-07-05 23:57:43'),(524,75,'vendor','EIZO','2026-07-05 23:57:43','2026-07-05 23:57:43'),(525,75,'status','AVAILABLE','2026-07-05 23:57:43','2026-07-05 23:58:04'),(526,76,'aset_id','ATM-543204','2026-07-05 23:57:43','2026-07-05 23:57:43'),(527,76,'kategori_aset','Hardware','2026-07-05 23:57:43','2026-07-05 23:57:43'),(528,76,'jenis_aset','WORKSTATION','2026-07-05 23:57:43','2026-07-05 23:57:43'),(529,76,'lokasi','KOTA KINABALU','2026-07-05 23:57:43','2026-07-05 23:57:43'),(530,76,'kuantiti','1','2026-07-05 23:57:43','2026-07-05 23:57:43'),(531,76,'vendor','HP','2026-07-05 23:57:43','2026-07-05 23:57:43'),(532,76,'status','AVAILABLE','2026-07-05 23:57:43','2026-07-05 23:58:04'),(533,77,'aset_id','ATM-543205','2026-07-05 23:57:43','2026-07-05 23:57:43'),(534,77,'kategori_aset','Hardware','2026-07-05 23:57:43','2026-07-05 23:57:43'),(535,77,'jenis_aset','WORKSTATION','2026-07-05 23:57:43','2026-07-05 23:57:43'),(536,77,'lokasi','KOTA KINABALU','2026-07-05 23:57:43','2026-07-05 23:57:43'),(537,77,'kuantiti','1','2026-07-05 23:57:43','2026-07-05 23:57:43'),(538,77,'vendor','HP','2026-07-05 23:57:43','2026-07-05 23:57:43'),(539,77,'status','AVAILABLE','2026-07-05 23:57:43','2026-07-05 23:58:04'),(540,78,'aset_id','ATM-543206','2026-07-05 23:57:43','2026-07-05 23:57:43'),(541,78,'kategori_aset','Hardware','2026-07-05 23:57:43','2026-07-05 23:57:43'),(542,78,'jenis_aset','WORKSTATION','2026-07-05 23:57:43','2026-07-05 23:57:43'),(543,78,'lokasi','KOTA KINABALU','2026-07-05 23:57:43','2026-07-05 23:57:43'),(544,78,'kuantiti','1','2026-07-05 23:57:43','2026-07-05 23:57:43'),(545,78,'vendor','Hewlett-Packard Enterprise','2026-07-05 23:57:43','2026-07-05 23:57:43'),(546,78,'status','AVAILABLE','2026-07-05 23:57:43','2026-07-05 23:58:04'),(547,79,'aset_id','ATM-543207','2026-07-05 23:57:43','2026-07-05 23:57:43'),(548,79,'kategori_aset','Hardware','2026-07-05 23:57:43','2026-07-05 23:57:43'),(549,79,'jenis_aset','WORKSTATION','2026-07-05 23:57:43','2026-07-05 23:57:43'),(550,79,'lokasi','KOTA KINABALU','2026-07-05 23:57:43','2026-07-05 23:57:43'),(551,79,'kuantiti','1','2026-07-05 23:57:43','2026-07-05 23:57:43'),(552,79,'vendor','Hewlett-Packard Enterprise','2026-07-05 23:57:43','2026-07-05 23:57:43'),(553,79,'status','AVAILABLE','2026-07-05 23:57:43','2026-07-05 23:58:04'),(554,80,'aset_id','ATM-543208','2026-07-05 23:57:43','2026-07-05 23:57:43'),(555,80,'kategori_aset','Hardware','2026-07-05 23:57:43','2026-07-05 23:57:43'),(556,80,'jenis_aset','WORKSTATION','2026-07-05 23:57:43','2026-07-05 23:57:43'),(557,80,'lokasi','KOTA KINABALU','2026-07-05 23:57:43','2026-07-05 23:57:43'),(558,80,'kuantiti','1','2026-07-05 23:57:43','2026-07-05 23:57:43'),(559,80,'vendor','Hewlett-Packard Enterprise','2026-07-05 23:57:43','2026-07-05 23:57:43'),(560,80,'status','AVAILABLE','2026-07-05 23:57:43','2026-07-05 23:58:04'),(561,81,'aset_id','ATM-543209','2026-07-05 23:57:43','2026-07-05 23:57:43'),(562,81,'kategori_aset','Hardware','2026-07-05 23:57:43','2026-07-05 23:57:43'),(563,81,'jenis_aset','WORKSTATION','2026-07-05 23:57:43','2026-07-05 23:57:43'),(564,81,'lokasi','KOTA KINABALU','2026-07-05 23:57:43','2026-07-05 23:57:43'),(565,81,'kuantiti','1','2026-07-05 23:57:43','2026-07-05 23:57:43'),(566,81,'vendor','Hewlett-Packard Enterprise','2026-07-05 23:57:43','2026-07-05 23:57:43'),(567,81,'status','AVAILABLE','2026-07-05 23:57:43','2026-07-05 23:58:04'),(568,82,'aset_id','ATM-543210','2026-07-05 23:57:43','2026-07-05 23:57:43'),(569,82,'kategori_aset','Hardware','2026-07-05 23:57:43','2026-07-05 23:57:43'),(570,82,'jenis_aset','WORKSTATION','2026-07-05 23:57:43','2026-07-05 23:57:43'),(571,82,'lokasi','KOTA KINABALU','2026-07-05 23:57:43','2026-07-05 23:57:43'),(572,82,'kuantiti','1','2026-07-05 23:57:43','2026-07-05 23:57:43'),(573,82,'vendor','Hewlett-Packard Enterprise','2026-07-05 23:57:43','2026-07-05 23:57:43'),(574,82,'status','AVAILABLE','2026-07-05 23:57:43','2026-07-05 23:58:04'),(575,83,'aset_id','ATM-543211','2026-07-05 23:57:43','2026-07-05 23:57:43'),(576,83,'kategori_aset','Hardware','2026-07-05 23:57:43','2026-07-05 23:57:43'),(577,83,'jenis_aset','MONITOR','2026-07-05 23:57:43','2026-07-05 23:57:43'),(578,83,'lokasi','KOTA KINABALU','2026-07-05 23:57:43','2026-07-05 23:57:43'),(579,83,'kuantiti','1','2026-07-05 23:57:43','2026-07-05 23:57:43'),(580,83,'vendor','EIZO','2026-07-05 23:57:43','2026-07-05 23:57:43'),(581,83,'status','AVAILABLE','2026-07-05 23:57:43','2026-07-05 23:58:04'),(582,84,'aset_id','ATM-543212','2026-07-05 23:57:43','2026-07-05 23:57:43'),(583,84,'kategori_aset','Hardware','2026-07-05 23:57:43','2026-07-05 23:57:43'),(584,84,'jenis_aset','WAVEGUIDE','2026-07-05 23:57:43','2026-07-05 23:57:43'),(585,84,'lokasi','KOTA KINABALU','2026-07-05 23:57:43','2026-07-05 23:57:43'),(586,84,'kuantiti','1','2026-07-05 23:57:43','2026-07-05 23:57:43'),(587,84,'vendor','NERA','2026-07-05 23:57:43','2026-07-05 23:57:43'),(588,84,'status','AVAILABLE','2026-07-05 23:57:43','2026-07-05 23:58:04'),(589,85,'aset_id','ATM-543213','2026-07-05 23:57:43','2026-07-05 23:57:43'),(590,85,'kategori_aset','Hardware','2026-07-05 23:57:43','2026-07-05 23:57:43'),(591,85,'jenis_aset','WAVEGUIDE','2026-07-05 23:57:43','2026-07-05 23:57:43'),(592,85,'lokasi','KOTA KINABALU','2026-07-05 23:57:43','2026-07-05 23:57:43'),(593,85,'kuantiti','1','2026-07-05 23:57:43','2026-07-05 23:57:43'),(594,85,'vendor','NERA','2026-07-05 23:57:43','2026-07-05 23:57:43'),(595,85,'status','AVAILABLE','2026-07-05 23:57:43','2026-07-05 23:58:04'),(596,86,'aset_id','ATM-543214','2026-07-05 23:57:43','2026-07-05 23:57:43'),(597,86,'kategori_aset','Hardware','2026-07-05 23:57:43','2026-07-05 23:57:43'),(598,86,'jenis_aset','WAVEGUIDE','2026-07-05 23:57:43','2026-07-05 23:57:43'),(599,86,'lokasi','KOTA KINABALU','2026-07-05 23:57:43','2026-07-05 23:57:43'),(600,86,'kuantiti','1','2026-07-05 23:57:43','2026-07-05 23:57:43'),(601,86,'vendor','NERA','2026-07-05 23:57:43','2026-07-05 23:57:43'),(602,86,'status','AVAILABLE','2026-07-05 23:57:43','2026-07-05 23:58:04'),(603,87,'aset_id','ATM-543215','2026-07-05 23:57:43','2026-07-05 23:57:43'),(604,87,'kategori_aset','Hardware','2026-07-05 23:57:43','2026-07-05 23:57:43'),(605,87,'jenis_aset','WAVEGUIDE','2026-07-05 23:57:43','2026-07-05 23:57:43'),(606,87,'lokasi','KOTA KINABALU','2026-07-05 23:57:43','2026-07-05 23:57:43'),(607,87,'kuantiti','1','2026-07-05 23:57:43','2026-07-05 23:57:43'),(608,87,'vendor','NERA','2026-07-05 23:57:43','2026-07-05 23:57:43'),(609,87,'status','AVAILABLE','2026-07-05 23:57:43','2026-07-05 23:58:04'),(610,88,'aset_id','ATM-543216','2026-07-05 23:57:43','2026-07-05 23:57:43'),(611,88,'kategori_aset','Hardware','2026-07-05 23:57:43','2026-07-05 23:57:43'),(612,88,'jenis_aset','COUPLER','2026-07-05 23:57:43','2026-07-05 23:57:43'),(613,88,'lokasi','KOTA KINABALU','2026-07-05 23:57:43','2026-07-05 23:57:43'),(614,88,'kuantiti','1','2026-07-05 23:57:43','2026-07-05 23:57:43'),(615,88,'vendor','NERA','2026-07-05 23:57:43','2026-07-05 23:57:43'),(616,88,'status','AVAILABLE','2026-07-05 23:57:43','2026-07-05 23:58:04'),(617,89,'aset_id','ATM-543217','2026-07-05 23:57:43','2026-07-05 23:57:43'),(618,89,'kategori_aset','Hardware','2026-07-05 23:57:43','2026-07-05 23:57:43'),(619,89,'jenis_aset','COUPLER','2026-07-05 23:57:43','2026-07-05 23:57:43'),(620,89,'lokasi','KOTA KINABALU','2026-07-05 23:57:43','2026-07-05 23:57:43'),(621,89,'kuantiti','1','2026-07-05 23:57:43','2026-07-05 23:57:43'),(622,89,'vendor','NERA','2026-07-05 23:57:43','2026-07-05 23:57:43'),(623,89,'status','AVAILABLE','2026-07-05 23:57:43','2026-07-05 23:58:04'),(624,90,'aset_id','ATM-543218','2026-07-05 23:57:43','2026-07-05 23:57:43'),(625,90,'kategori_aset','Hardware','2026-07-05 23:57:43','2026-07-05 23:57:43'),(626,90,'jenis_aset','COUPLER','2026-07-05 23:57:43','2026-07-05 23:57:43'),(627,90,'lokasi','KOTA KINABALU','2026-07-05 23:57:43','2026-07-05 23:57:43'),(628,90,'kuantiti','1','2026-07-05 23:57:43','2026-07-05 23:57:43'),(629,90,'vendor','NERA','2026-07-05 23:57:43','2026-07-05 23:57:43'),(630,90,'status','AVAILABLE','2026-07-05 23:57:43','2026-07-05 23:58:04'),(631,91,'aset_id','ATM-543219','2026-07-05 23:57:43','2026-07-05 23:57:43'),(632,91,'kategori_aset','Hardware','2026-07-05 23:57:43','2026-07-05 23:57:43'),(633,91,'jenis_aset','COUPLER','2026-07-05 23:57:43','2026-07-05 23:57:43'),(634,91,'lokasi','KOTA KINABALU','2026-07-05 23:57:43','2026-07-05 23:57:43'),(635,91,'kuantiti','1','2026-07-05 23:57:43','2026-07-05 23:57:43'),(636,91,'vendor','NERA','2026-07-05 23:57:43','2026-07-05 23:57:43'),(637,91,'status','AVAILABLE','2026-07-05 23:57:43','2026-07-05 23:58:04'),(638,92,'aset_id','ATM-543220','2026-07-05 23:57:43','2026-07-05 23:57:43'),(639,92,'kategori_aset','Hardware','2026-07-05 23:57:43','2026-07-05 23:57:43'),(640,92,'jenis_aset','AMP BREAKER','2026-07-05 23:57:43','2026-07-05 23:57:43'),(641,92,'lokasi','KOTA KINABALU','2026-07-05 23:57:43','2026-07-05 23:57:43'),(642,92,'kuantiti','1','2026-07-05 23:57:43','2026-07-05 23:57:43'),(643,92,'vendor','NERA','2026-07-05 23:57:43','2026-07-05 23:57:43'),(644,92,'status','AVAILABLE','2026-07-05 23:57:43','2026-07-05 23:58:04'),(645,93,'aset_id','ATM-543221','2026-07-05 23:57:43','2026-07-05 23:57:43'),(646,93,'kategori_aset','Hardware','2026-07-05 23:57:43','2026-07-05 23:57:43'),(647,93,'jenis_aset','AMP BREAKER','2026-07-05 23:57:43','2026-07-05 23:57:43'),(648,93,'lokasi','KOTA KINABALU','2026-07-05 23:57:43','2026-07-05 23:57:43'),(649,93,'kuantiti','1','2026-07-05 23:57:43','2026-07-05 23:57:43'),(650,93,'vendor','NERA','2026-07-05 23:57:43','2026-07-05 23:57:43'),(651,93,'status','Used','2026-07-05 23:57:43','2026-07-06 01:41:50'),(652,94,'aset_id','ATM-543222','2026-07-05 23:57:43','2026-07-05 23:57:43'),(653,94,'kategori_aset','Hardware','2026-07-05 23:57:43','2026-07-05 23:57:43'),(654,94,'jenis_aset','FLEXIBLE CORRUGATED CABLE','2026-07-05 23:57:43','2026-07-05 23:57:43'),(655,94,'lokasi','KOTA KINABALU','2026-07-05 23:57:43','2026-07-05 23:57:43'),(656,94,'kuantiti','1','2026-07-05 23:57:43','2026-07-05 23:57:43'),(657,94,'vendor','NERA','2026-07-05 23:57:43','2026-07-05 23:57:43'),(658,94,'status','Used','2026-07-05 23:57:43','2026-07-06 01:41:47'),(659,95,'asset_id','AST001','2026-07-05 23:58:20','2026-07-05 23:58:20'),(660,95,'asset_name','Dell Latitude 5440','2026-07-05 23:58:20','2026-07-05 23:58:20'),(661,95,'category','Laptop','2026-07-05 23:58:20','2026-07-05 23:58:20'),(662,95,'brand','Dell','2026-07-05 23:58:20','2026-07-05 23:58:20'),(663,95,'model','Latitude 5440','2026-07-05 23:58:20','2026-07-05 23:58:20'),(664,95,'serial_number','DL5440-001','2026-07-05 23:58:20','2026-07-05 23:58:20'),(665,95,'purchase_date','2025-01-15','2026-07-05 23:58:20','2026-07-05 23:58:20'),(666,95,'purchase_price','4200.00','2026-07-05 23:58:20','2026-07-05 23:58:20'),(667,95,'status','USED','2026-07-05 23:58:20','2026-07-05 23:58:28'),(668,95,'location','IT Office','2026-07-05 23:58:20','2026-07-05 23:58:20'),(669,95,'lokasi','MIRI','2026-07-05 23:58:20','2026-07-05 23:58:20'),(670,96,'asset_id','AST002','2026-07-05 23:58:20','2026-07-05 23:58:20'),(671,96,'asset_name','HP LaserJet Pro M404','2026-07-05 23:58:20','2026-07-05 23:58:20'),(672,96,'category','Printer','2026-07-05 23:58:20','2026-07-05 23:58:20'),(673,96,'brand','HP','2026-07-05 23:58:20','2026-07-05 23:58:20'),(674,96,'model','M404','2026-07-05 23:58:20','2026-07-05 23:58:20'),(675,96,'serial_number','HPM404-002','2026-07-05 23:58:20','2026-07-05 23:58:20'),(676,96,'purchase_date','2024-11-20','2026-07-05 23:58:20','2026-07-05 23:58:20'),(677,96,'purchase_price','1350.00','2026-07-05 23:58:20','2026-07-05 23:58:20'),(678,96,'status','USED','2026-07-05 23:58:20','2026-07-05 23:58:28'),(679,96,'location','Admin Office','2026-07-05 23:58:20','2026-07-05 23:58:20'),(680,96,'lokasi','MIRI','2026-07-05 23:58:20','2026-07-05 23:58:20'),(681,97,'asset_id','AST003','2026-07-05 23:58:20','2026-07-05 23:58:20'),(682,97,'asset_name','Lenovo ThinkCentre M70','2026-07-05 23:58:20','2026-07-05 23:58:20'),(683,97,'category','Desktop','2026-07-05 23:58:20','2026-07-05 23:58:20'),(684,97,'brand','Lenovo','2026-07-05 23:58:20','2026-07-05 23:58:20'),(685,97,'model','M70','2026-07-05 23:58:20','2026-07-05 23:58:20'),(686,97,'serial_number','LNVM70-003','2026-07-05 23:58:20','2026-07-05 23:58:20'),(687,97,'purchase_date','2025-02-10','2026-07-05 23:58:20','2026-07-05 23:58:20'),(688,97,'purchase_price','3100.00','2026-07-05 23:58:20','2026-07-05 23:58:20'),(689,97,'status','USED','2026-07-05 23:58:20','2026-07-05 23:58:28'),(690,97,'location','Lab 1','2026-07-05 23:58:20','2026-07-05 23:58:20'),(691,97,'lokasi','MIRI','2026-07-05 23:58:20','2026-07-05 23:58:20'),(692,98,'asset_id','AST004','2026-07-05 23:58:20','2026-07-05 23:58:20'),(693,98,'asset_name','Samsung 27 Monitor','2026-07-05 23:58:20','2026-07-05 23:58:20'),(694,98,'category','Monitor','2026-07-05 23:58:20','2026-07-05 23:58:20'),(695,98,'brand','Samsung','2026-07-05 23:58:20','2026-07-05 23:58:20'),(696,98,'model','S27R650','2026-07-05 23:58:20','2026-07-05 23:58:20'),(697,98,'serial_number','SAM27-004','2026-07-05 23:58:20','2026-07-05 23:58:20'),(698,98,'purchase_date','2025-03-05','2026-07-05 23:58:20','2026-07-05 23:58:20'),(699,98,'purchase_price','850.00','2026-07-05 23:58:20','2026-07-05 23:58:20'),(700,98,'status','USED','2026-07-05 23:58:20','2026-07-05 23:58:28'),(701,98,'location','Lab 2','2026-07-05 23:58:20','2026-07-05 23:58:20'),(702,98,'lokasi','MIRI','2026-07-05 23:58:20','2026-07-05 23:58:20'),(703,99,'asset_id','AST005','2026-07-05 23:58:20','2026-07-05 23:58:20'),(704,99,'asset_name','Cisco Catalyst 9200','2026-07-05 23:58:20','2026-07-05 23:58:20'),(705,99,'category','Network','2026-07-05 23:58:20','2026-07-05 23:58:20'),(706,99,'brand','Cisco','2026-07-05 23:58:20','2026-07-05 23:58:20'),(707,99,'model','C9200','2026-07-05 23:58:20','2026-07-05 23:58:20'),(708,99,'serial_number','CISCO-005','2026-07-05 23:58:20','2026-07-05 23:58:20'),(709,99,'purchase_date','2024-10-18','2026-07-05 23:58:20','2026-07-05 23:58:20'),(710,99,'purchase_price','7800.00','2026-07-05 23:58:20','2026-07-05 23:58:20'),(711,99,'status','USED','2026-07-05 23:58:20','2026-07-05 23:58:28'),(712,99,'location','Server Room','2026-07-05 23:58:20','2026-07-05 23:58:20'),(713,99,'lokasi','MIRI','2026-07-05 23:58:20','2026-07-05 23:58:20'),(714,100,'asset_id','AST006','2026-07-05 23:58:20','2026-07-05 23:58:20'),(715,100,'asset_name','Logitech MX Keys','2026-07-05 23:58:20','2026-07-05 23:58:20'),(716,100,'category','Keyboard','2026-07-05 23:58:20','2026-07-05 23:58:20'),(717,100,'brand','Logitech','2026-07-05 23:58:20','2026-07-05 23:58:20'),(718,100,'model','MX Keys','2026-07-05 23:58:20','2026-07-05 23:58:20'),(719,100,'serial_number','LOGK-006','2026-07-05 23:58:20','2026-07-05 23:58:20'),(720,100,'purchase_date','2025-04-12','2026-07-05 23:58:20','2026-07-05 23:58:20'),(721,100,'purchase_price','450.00','2026-07-05 23:58:20','2026-07-05 23:58:20'),(722,100,'status','USED','2026-07-05 23:58:20','2026-07-05 23:58:28'),(723,100,'location','IT Office','2026-07-05 23:58:20','2026-07-05 23:58:20'),(724,100,'lokasi','MIRI','2026-07-05 23:58:20','2026-07-05 23:58:20'),(725,101,'asset_id','AST007','2026-07-05 23:58:20','2026-07-05 23:58:20'),(726,101,'asset_name','Canon EOS 250D','2026-07-05 23:58:20','2026-07-05 23:58:20'),(727,101,'category','Camera','2026-07-05 23:58:20','2026-07-05 23:58:20'),(728,101,'brand','Canon','2026-07-05 23:58:20','2026-07-05 23:58:20'),(729,101,'model','250D','2026-07-05 23:58:20','2026-07-05 23:58:20'),(730,101,'serial_number','CAN250D-007','2026-07-05 23:58:20','2026-07-05 23:58:20'),(731,101,'purchase_date','2024-09-08','2026-07-05 23:58:20','2026-07-05 23:58:20'),(732,101,'purchase_price','2600.00','2026-07-05 23:58:20','2026-07-05 23:58:20'),(733,101,'status','USED','2026-07-05 23:58:20','2026-07-05 23:58:28'),(734,101,'location','Media Room','2026-07-05 23:58:20','2026-07-05 23:58:20'),(735,101,'lokasi','MIRI','2026-07-05 23:58:20','2026-07-05 23:58:20'),(736,102,'asset_id','AST008','2026-07-05 23:58:20','2026-07-05 23:58:20'),(737,102,'asset_name','Apple iPad Air','2026-07-05 23:58:20','2026-07-05 23:58:20'),(738,102,'category','Tablet','2026-07-05 23:58:20','2026-07-05 23:58:20'),(739,102,'brand','Apple','2026-07-05 23:58:20','2026-07-05 23:58:20'),(740,102,'model','Air M2','2026-07-05 23:58:20','2026-07-05 23:58:20'),(741,102,'serial_number','IPAD-008','2026-07-05 23:58:20','2026-07-05 23:58:20'),(742,102,'purchase_date','2025-05-01','2026-07-05 23:58:20','2026-07-05 23:58:20'),(743,102,'purchase_price','3200.00','2026-07-05 23:58:20','2026-07-05 23:58:20'),(744,102,'status','USED','2026-07-05 23:58:20','2026-07-05 23:58:28'),(745,102,'location','Meeting Room','2026-07-05 23:58:20','2026-07-05 23:58:20'),(746,102,'lokasi','MIRI','2026-07-05 23:58:20','2026-07-05 23:58:20'),(747,103,'asset_id','AST009','2026-07-05 23:58:20','2026-07-05 23:58:20'),(748,103,'asset_name','Epson EB-X06','2026-07-05 23:58:20','2026-07-05 23:58:20'),(749,103,'category','Projector','2026-07-05 23:58:20','2026-07-05 23:58:20'),(750,103,'brand','Epson','2026-07-05 23:58:20','2026-07-05 23:58:20'),(751,103,'model','EB-X06','2026-07-05 23:58:20','2026-07-05 23:58:20'),(752,103,'serial_number','EPS-009','2026-07-05 23:58:20','2026-07-05 23:58:20'),(753,103,'purchase_date','2024-12-01','2026-07-05 23:58:20','2026-07-05 23:58:20'),(754,103,'purchase_price','2400.00','2026-07-05 23:58:20','2026-07-05 23:58:20'),(755,103,'status','USED','2026-07-05 23:58:20','2026-07-05 23:58:28'),(756,103,'location','Conference Hall','2026-07-05 23:58:20','2026-07-05 23:58:20'),(757,103,'lokasi','MIRI','2026-07-05 23:58:20','2026-07-05 23:58:20'),(758,104,'asset_id','AST010','2026-07-05 23:58:20','2026-07-05 23:58:20'),(759,104,'asset_name','APC Smart UPS','2026-07-05 23:58:20','2026-07-05 23:58:20'),(760,104,'category','UPS','2026-07-05 23:58:20','2026-07-05 23:58:20'),(761,104,'brand','APC','2026-07-05 23:58:20','2026-07-05 23:58:20'),(762,104,'model','SMT1500','2026-07-05 23:58:20','2026-07-05 23:58:20'),(763,104,'serial_number','APC-010','2026-07-05 23:58:20','2026-07-05 23:58:20'),(764,104,'purchase_date','2024-08-15','2026-07-05 23:58:20','2026-07-05 23:58:20'),(765,104,'purchase_price','4100.00','2026-07-05 23:58:20','2026-07-05 23:58:20'),(766,104,'status','USED','2026-07-05 23:58:20','2026-07-05 23:58:29'),(767,104,'location','Server Room','2026-07-05 23:58:20','2026-07-05 23:58:20'),(768,104,'lokasi','MIRI','2026-07-05 23:58:20','2026-07-05 23:58:20'),(769,105,'name','MacBook Pro M4','2026-07-05 23:58:41','2026-07-05 23:58:41'),(770,105,'department','IT','2026-07-05 23:58:41','2026-07-05 23:58:41'),(771,105,'condition','Excellent','2026-07-05 23:58:41','2026-07-05 23:58:41'),(772,105,'purchase_price','8500.00','2026-07-05 23:58:41','2026-07-05 23:58:41'),(773,105,'asset_code','MBP001','2026-07-05 23:58:41','2026-07-05 23:58:41'),(774,105,'assigned_to','John Tan','2026-07-05 23:58:41','2026-07-05 23:58:41'),(775,105,'warranty_expiry','2028-01-15','2026-07-05 23:58:41','2026-07-05 23:58:41'),(776,105,'location','IT Office','2026-07-05 23:58:41','2026-07-05 23:58:41'),(777,105,'category','Laptop','2026-07-05 23:58:41','2026-07-05 23:58:41'),(778,105,'vendor','Apple Store','2026-07-05 23:58:41','2026-07-05 23:58:41'),(779,105,'status','NOT UPDATED','2026-07-05 23:58:41','2026-07-05 23:58:41'),(780,105,'lokasi','SANDAKAN','2026-07-05 23:58:41','2026-07-05 23:58:41'),(781,106,'name','Office Chair','2026-07-05 23:58:41','2026-07-05 23:58:41'),(782,106,'department','HR','2026-07-05 23:58:41','2026-07-05 23:58:41'),(783,106,'condition','Good','2026-07-05 23:58:41','2026-07-05 23:58:41'),(784,106,'purchase_price','420.00','2026-07-05 23:58:41','2026-07-05 23:58:41'),(785,106,'asset_code','CHR002','2026-07-05 23:58:41','2026-07-05 23:58:41'),(786,106,'assigned_to','Siti Aminah','2026-07-05 23:58:41','2026-07-05 23:58:41'),(787,106,'warranty_expiry','2029-05-20','2026-07-05 23:58:41','2026-07-05 23:58:41'),(788,106,'location','HR Office','2026-07-05 23:58:41','2026-07-05 23:58:41'),(789,106,'category','Furniture','2026-07-05 23:58:41','2026-07-05 23:58:41'),(790,106,'vendor','IKEA','2026-07-05 23:58:41','2026-07-05 23:58:41'),(791,106,'status','NOT UPDATED','2026-07-05 23:58:41','2026-07-05 23:58:41'),(792,106,'lokasi','SANDAKAN','2026-07-05 23:58:41','2026-07-05 23:58:41'),(793,107,'name','Standing Desk','2026-07-05 23:58:41','2026-07-05 23:58:41'),(794,107,'department','Finance','2026-07-05 23:58:41','2026-07-05 23:58:41'),(795,107,'condition','Excellent','2026-07-05 23:58:41','2026-07-05 23:58:41'),(796,107,'purchase_price','980.00','2026-07-05 23:58:41','2026-07-05 23:58:41'),(797,107,'asset_code','DSK003','2026-07-05 23:58:41','2026-07-05 23:58:41'),(798,107,'assigned_to','Ahmad Firdaus','2026-07-05 23:58:41','2026-07-05 23:58:41'),(799,107,'warranty_expiry','2030-02-12','2026-07-05 23:58:41','2026-07-05 23:58:41'),(800,107,'location','Finance Office','2026-07-05 23:58:41','2026-07-05 23:58:41'),(801,107,'category','Furniture','2026-07-05 23:58:41','2026-07-05 23:58:41'),(802,107,'vendor','IKEA','2026-07-05 23:58:41','2026-07-05 23:58:41'),(803,107,'status','NOT UPDATED','2026-07-05 23:58:41','2026-07-05 23:58:41'),(804,107,'lokasi','SANDAKAN','2026-07-05 23:58:41','2026-07-05 23:58:41'),(805,108,'name','NAS Storage','2026-07-05 23:58:41','2026-07-05 23:58:41'),(806,108,'department','IT','2026-07-05 23:58:41','2026-07-05 23:58:41'),(807,108,'condition','Fair','2026-07-05 23:58:41','2026-07-05 23:58:41'),(808,108,'purchase_price','5200.00','2026-07-05 23:58:41','2026-07-05 23:58:41'),(809,108,'asset_code','NAS004','2026-07-05 23:58:41','2026-07-05 23:58:41'),(810,108,'assigned_to','IT Team','2026-07-05 23:58:41','2026-07-05 23:58:41'),(811,108,'warranty_expiry','2028-11-10','2026-07-05 23:58:41','2026-07-05 23:58:41'),(812,108,'location','Server Room','2026-07-05 23:58:41','2026-07-05 23:58:41'),(813,108,'category','Storage','2026-07-05 23:58:41','2026-07-05 23:58:41'),(814,108,'vendor','Synology','2026-07-05 23:58:41','2026-07-05 23:58:41'),(815,108,'status','NOT UPDATED','2026-07-05 23:58:41','2026-07-05 23:58:41'),(816,108,'lokasi','SANDAKAN','2026-07-05 23:58:41','2026-07-05 23:58:41'),(817,109,'name','Air Conditioner','2026-07-05 23:58:41','2026-07-05 23:58:41'),(818,109,'department','Facilities','2026-07-05 23:58:41','2026-07-05 23:58:41'),(819,109,'condition','Good','2026-07-05 23:58:41','2026-07-05 23:58:41'),(820,109,'purchase_price','3200.00','2026-07-05 23:58:41','2026-07-05 23:58:41'),(821,109,'asset_code','AC005','2026-07-05 23:58:41','2026-07-05 23:58:41'),(822,109,'assigned_to','Facilities Team','2026-07-05 23:58:41','2026-07-05 23:58:41'),(823,109,'warranty_expiry','2031-03-18','2026-07-05 23:58:41','2026-07-05 23:58:41'),(824,109,'location','Meeting Room','2026-07-05 23:58:41','2026-07-05 23:58:41'),(825,109,'category','Electrical','2026-07-05 23:58:41','2026-07-05 23:58:41'),(826,109,'vendor','Daikin','2026-07-05 23:58:41','2026-07-05 23:58:41'),(827,109,'status','NOT UPDATED','2026-07-05 23:58:41','2026-07-05 23:58:41'),(828,109,'lokasi','SANDAKAN','2026-07-05 23:58:41','2026-07-05 23:58:41'),(829,110,'name','Conference Camera','2026-07-05 23:58:41','2026-07-05 23:58:41'),(830,110,'department','IT','2026-07-05 23:58:41','2026-07-05 23:58:41'),(831,110,'condition','Excellent','2026-07-05 23:58:41','2026-07-05 23:58:41'),(832,110,'purchase_price','1850.00','2026-07-05 23:58:41','2026-07-05 23:58:41'),(833,110,'asset_code','CAM006','2026-07-05 23:58:41','2026-07-05 23:58:41'),(834,110,'assigned_to','Nurul','2026-07-05 23:58:41','2026-07-05 23:58:41'),(835,110,'warranty_expiry','2028-08-01','2026-07-05 23:58:41','2026-07-05 23:58:41'),(836,110,'location','Conference Room','2026-07-05 23:58:41','2026-07-05 23:58:41'),(837,110,'category','Camera','2026-07-05 23:58:41','2026-07-05 23:58:41'),(838,110,'vendor','Logitech','2026-07-05 23:58:41','2026-07-05 23:58:41'),(839,110,'status','NOT UPDATED','2026-07-05 23:58:41','2026-07-05 23:58:41'),(840,110,'lokasi','SANDAKAN','2026-07-05 23:58:41','2026-07-05 23:58:41'),(841,111,'name','Barcode Scanner','2026-07-05 23:58:41','2026-07-05 23:58:41'),(842,111,'department','Warehouse','2026-07-05 23:58:41','2026-07-05 23:58:41'),(843,111,'condition','Good','2026-07-05 23:58:41','2026-07-05 23:58:41'),(844,111,'purchase_price','620.00','2026-07-05 23:58:41','2026-07-05 23:58:41'),(845,111,'asset_code','BCD007','2026-07-05 23:58:41','2026-07-05 23:58:41'),(846,111,'assigned_to','Warehouse Staff','2026-07-05 23:58:41','2026-07-05 23:58:41'),(847,111,'warranty_expiry','2029-01-05','2026-07-05 23:58:41','2026-07-05 23:58:41'),(848,111,'location','Warehouse','2026-07-05 23:58:41','2026-07-05 23:58:41'),(849,111,'category','Scanner','2026-07-05 23:58:41','2026-07-05 23:58:41'),(850,111,'vendor','Zebra','2026-07-05 23:58:41','2026-07-05 23:58:41'),(851,111,'status','NOT UPDATED','2026-07-05 23:58:41','2026-07-05 23:58:41'),(852,111,'lokasi','SANDAKAN','2026-07-05 23:58:41','2026-07-05 23:58:41'),(853,112,'name','Fingerprint Scanner','2026-07-05 23:58:41','2026-07-05 23:58:41'),(854,112,'department','Security','2026-07-05 23:58:41','2026-07-05 23:58:41'),(855,112,'condition','Excellent','2026-07-05 23:58:41','2026-07-05 23:58:41'),(856,112,'purchase_price','1450.00','2026-07-05 23:58:41','2026-07-05 23:58:41'),(857,112,'asset_code','FPS008','2026-07-05 23:58:41','2026-07-05 23:58:41'),(858,112,'assigned_to','Security Team','2026-07-05 23:58:41','2026-07-05 23:58:41'),(859,112,'warranty_expiry','2028-12-20','2026-07-05 23:58:41','2026-07-05 23:58:41'),(860,112,'location','Entrance','2026-07-05 23:58:41','2026-07-05 23:58:41'),(861,112,'category','Security','2026-07-05 23:58:41','2026-07-05 23:58:41'),(862,112,'vendor','ZKTeco','2026-07-05 23:58:41','2026-07-05 23:58:41'),(863,112,'status','NOT UPDATED','2026-07-05 23:58:41','2026-07-05 23:58:41'),(864,112,'lokasi','SANDAKAN','2026-07-05 23:58:41','2026-07-05 23:58:41'),(865,113,'name','Microwave','2026-07-05 23:58:41','2026-07-05 23:58:41'),(866,113,'department','Pantry','2026-07-05 23:58:41','2026-07-05 23:58:41'),(867,113,'condition','Good','2026-07-05 23:58:41','2026-07-05 23:58:41'),(868,113,'purchase_price','380.00','2026-07-05 23:58:41','2026-07-05 23:58:41'),(869,113,'asset_code','MW009','2026-07-05 23:58:41','2026-07-05 23:58:41'),(870,113,'assigned_to','Pantry','2026-07-05 23:58:41','2026-07-05 23:58:41'),(871,113,'warranty_expiry','2030-07-11','2026-07-05 23:58:41','2026-07-05 23:58:41'),(872,113,'location','Pantry','2026-07-05 23:58:41','2026-07-05 23:58:41'),(873,113,'category','Appliance','2026-07-05 23:58:41','2026-07-05 23:58:41'),(874,113,'vendor','Panasonic','2026-07-05 23:58:41','2026-07-05 23:58:41'),(875,113,'status','NOT UPDATED','2026-07-05 23:58:41','2026-07-05 23:58:41'),(876,113,'lokasi','SANDAKAN','2026-07-05 23:58:41','2026-07-05 23:58:41'),(877,114,'name','Smart TV','2026-07-05 23:58:41','2026-07-05 23:58:41'),(878,114,'department','Marketing','2026-07-05 23:58:41','2026-07-05 23:58:41'),(879,114,'condition','Excellent','2026-07-05 23:58:41','2026-07-05 23:58:41'),(880,114,'purchase_price','2750.00','2026-07-05 23:58:41','2026-07-05 23:58:41'),(881,114,'asset_code','TV010','2026-07-05 23:58:41','2026-07-05 23:58:41'),(882,114,'assigned_to','Marketing Team','2026-07-05 23:58:41','2026-07-05 23:58:41'),(883,114,'warranty_expiry','2029-10-30','2026-07-05 23:58:41','2026-07-05 23:58:41'),(884,114,'location','Meeting Room','2026-07-05 23:58:41','2026-07-05 23:58:41'),(885,114,'category','Display','2026-07-05 23:58:41','2026-07-05 23:58:41'),(886,114,'vendor','Samsung','2026-07-05 23:58:41','2026-07-05 23:58:41'),(887,114,'status','NOT UPDATED','2026-07-05 23:58:41','2026-07-05 23:58:41'),(888,114,'lokasi','SANDAKAN','2026-07-05 23:58:41','2026-07-05 23:58:41');
/*!40000 ALTER TABLE `asset_field_values` ENABLE KEYS */;
UNLOCK TABLES;

--
-- Table structure for table `asset_loans`
--

DROP TABLE IF EXISTS `asset_loans`;
/*!40101 SET @saved_cs_client     = @@character_set_client */;
/*!50503 SET character_set_client = utf8mb4 */;
CREATE TABLE `asset_loans` (
  `id` bigint unsigned NOT NULL AUTO_INCREMENT,
  `asset_id` bigint unsigned NOT NULL,
  `user_id` bigint unsigned NOT NULL,
  `site_id` bigint unsigned DEFAULT NULL,
  `loan_date` date NOT NULL,
  `expected_return_date` date DEFAULT NULL,
  `condition_status` varchar(255) COLLATE utf8mb4_unicode_ci NOT NULL DEFAULT 'good',
  `purpose` varchar(255) COLLATE utf8mb4_unicode_ci DEFAULT NULL,
  `notes` text COLLATE utf8mb4_unicode_ci,
  `status` varchar(255) COLLATE utf8mb4_unicode_ci NOT NULL DEFAULT 'pending',
  `approved_by` bigint unsigned DEFAULT NULL,
  `approved_at` timestamp NULL DEFAULT NULL,
  `returned_at` timestamp NULL DEFAULT NULL,
  `created_at` timestamp NULL DEFAULT NULL,
  `updated_at` timestamp NULL DEFAULT NULL,
  PRIMARY KEY (`id`),
  KEY `asset_loans_asset_id_foreign` (`asset_id`),
  KEY `asset_loans_user_id_foreign` (`user_id`),
  KEY `asset_loans_site_id_foreign` (`site_id`),
  KEY `asset_loans_approved_by_foreign` (`approved_by`),
  CONSTRAINT `asset_loans_approved_by_foreign` FOREIGN KEY (`approved_by`) REFERENCES `users` (`id`) ON DELETE SET NULL,
  CONSTRAINT `asset_loans_asset_id_foreign` FOREIGN KEY (`asset_id`) REFERENCES `assets` (`id`) ON DELETE CASCADE,
  CONSTRAINT `asset_loans_site_id_foreign` FOREIGN KEY (`site_id`) REFERENCES `sites` (`id`) ON DELETE SET NULL,
  CONSTRAINT `asset_loans_user_id_foreign` FOREIGN KEY (`user_id`) REFERENCES `users` (`id`) ON DELETE CASCADE
) ENGINE=InnoDB AUTO_INCREMENT=5 DEFAULT CHARSET=utf8mb4 COLLATE=utf8mb4_unicode_ci;
/*!40101 SET character_set_client = @saved_cs_client */;

--
-- Dumping data for table `asset_loans`
--

LOCK TABLES `asset_loans` WRITE;
/*!40000 ALTER TABLE `asset_loans` DISABLE KEYS */;
INSERT INTO `asset_loans` VALUES (1,94,2,NULL,'2026-07-06','2026-07-07','good','test','123','approved',2,'2026-07-06 01:41:47',NULL,'2026-07-05 23:59:32','2026-07-06 01:41:47'),(2,93,2,NULL,'2026-07-06','2026-07-07','good','test','123','approved',2,'2026-07-06 01:41:50',NULL,'2026-07-05 23:59:32','2026-07-06 01:41:50'),(3,92,2,NULL,'2026-07-06','2026-07-07','good','test','123','pending',NULL,NULL,NULL,'2026-07-05 23:59:32','2026-07-05 23:59:32'),(4,91,2,NULL,'2026-07-06','2026-07-07','good','test','123','pending',NULL,NULL,NULL,'2026-07-05 23:59:32','2026-07-05 23:59:32');
/*!40000 ALTER TABLE `asset_loans` ENABLE KEYS */;
UNLOCK TABLES;

--
-- Table structure for table `asset_models`
--

DROP TABLE IF EXISTS `asset_models`;
/*!40101 SET @saved_cs_client     = @@character_set_client */;
/*!50503 SET character_set_client = utf8mb4 */;
CREATE TABLE `asset_models` (
  `id` bigint unsigned NOT NULL AUTO_INCREMENT,
  `name` varchar(255) COLLATE utf8mb4_unicode_ci NOT NULL,
  `model_number` varchar(255) COLLATE utf8mb4_unicode_ci DEFAULT NULL,
  `manufacturer_id` bigint unsigned DEFAULT NULL,
  `category_id` bigint unsigned DEFAULT NULL,
  `created_at` timestamp NULL DEFAULT NULL,
  `updated_at` timestamp NULL DEFAULT NULL,
  PRIMARY KEY (`id`),
  KEY `asset_models_manufacturer_id_foreign` (`manufacturer_id`),
  KEY `asset_models_category_id_foreign` (`category_id`),
  CONSTRAINT `asset_models_category_id_foreign` FOREIGN KEY (`category_id`) REFERENCES `asset_categories` (`id`) ON DELETE SET NULL,
  CONSTRAINT `asset_models_manufacturer_id_foreign` FOREIGN KEY (`manufacturer_id`) REFERENCES `manufacturers` (`id`) ON DELETE SET NULL
) ENGINE=InnoDB DEFAULT CHARSET=utf8mb4 COLLATE=utf8mb4_unicode_ci;
/*!40101 SET character_set_client = @saved_cs_client */;

--
-- Dumping data for table `asset_models`
--

LOCK TABLES `asset_models` WRITE;
/*!40000 ALTER TABLE `asset_models` DISABLE KEYS */;
/*!40000 ALTER TABLE `asset_models` ENABLE KEYS */;
UNLOCK TABLES;

--
-- Table structure for table `asset_requests`
--

DROP TABLE IF EXISTS `asset_requests`;
/*!40101 SET @saved_cs_client     = @@character_set_client */;
/*!50503 SET character_set_client = utf8mb4 */;
CREATE TABLE `asset_requests` (
  `id` bigint unsigned NOT NULL AUTO_INCREMENT,
  `request_number` varchar(255) COLLATE utf8mb4_unicode_ci NOT NULL,
  `user_id` bigint unsigned NOT NULL,
  `asset_id` bigint unsigned DEFAULT NULL,
  `asset_category_id` bigint unsigned DEFAULT NULL,
  `license_id` bigint unsigned DEFAULT NULL,
  `request_type` varchar(255) COLLATE utf8mb4_unicode_ci NOT NULL,
  `priority` varchar(255) COLLATE utf8mb4_unicode_ci NOT NULL,
  `status` varchar(255) COLLATE utf8mb4_unicode_ci NOT NULL DEFAULT 'Pending',
  `required_from` date DEFAULT NULL,
  `required_until` date DEFAULT NULL,
  `loan_date` date DEFAULT NULL,
  `expected_return_date` date DEFAULT NULL,
  `condition_status` varchar(255) COLLATE utf8mb4_unicode_ci DEFAULT NULL,
  `reason` text COLLATE utf8mb4_unicode_ci NOT NULL,
  `purpose` text COLLATE utf8mb4_unicode_ci,
  `created_at` timestamp NULL DEFAULT NULL,
  `updated_at` timestamp NULL DEFAULT NULL,
  `deleted_at` timestamp NULL DEFAULT NULL,
  `approved_by` bigint unsigned DEFAULT NULL,
  `approved_at` timestamp NULL DEFAULT NULL,
  `admin_notes` text COLLATE utf8mb4_unicode_ci,
  `fulfilled_at` timestamp NULL DEFAULT NULL,
  `returned_at` timestamp NULL DEFAULT NULL,
  PRIMARY KEY (`id`),
  UNIQUE KEY `asset_requests_request_number_unique` (`request_number`),
  KEY `asset_requests_user_id_foreign` (`user_id`),
  KEY `asset_requests_asset_id_foreign` (`asset_id`),
  KEY `asset_requests_asset_category_id_foreign` (`asset_category_id`),
  KEY `asset_requests_approved_by_foreign` (`approved_by`),
  KEY `asset_requests_license_id_foreign` (`license_id`),
  CONSTRAINT `asset_requests_approved_by_foreign` FOREIGN KEY (`approved_by`) REFERENCES `users` (`id`) ON DELETE SET NULL,
  CONSTRAINT `asset_requests_asset_category_id_foreign` FOREIGN KEY (`asset_category_id`) REFERENCES `asset_categories` (`id`) ON DELETE SET NULL,
  CONSTRAINT `asset_requests_asset_id_foreign` FOREIGN KEY (`asset_id`) REFERENCES `assets` (`id`) ON DELETE SET NULL,
  CONSTRAINT `asset_requests_license_id_foreign` FOREIGN KEY (`license_id`) REFERENCES `licenses` (`id`) ON DELETE SET NULL,
  CONSTRAINT `asset_requests_user_id_foreign` FOREIGN KEY (`user_id`) REFERENCES `users` (`id`) ON DELETE CASCADE
) ENGINE=InnoDB DEFAULT CHARSET=utf8mb4 COLLATE=utf8mb4_unicode_ci;
/*!40101 SET character_set_client = @saved_cs_client */;

--
-- Dumping data for table `asset_requests`
--

LOCK TABLES `asset_requests` WRITE;
/*!40000 ALTER TABLE `asset_requests` DISABLE KEYS */;
/*!40000 ALTER TABLE `asset_requests` ENABLE KEYS */;
UNLOCK TABLES;

--
-- Table structure for table `asset_statuses`
--

DROP TABLE IF EXISTS `asset_statuses`;
/*!40101 SET @saved_cs_client     = @@character_set_client */;
/*!50503 SET character_set_client = utf8mb4 */;
CREATE TABLE `asset_statuses` (
  `id` bigint unsigned NOT NULL AUTO_INCREMENT,
  `name` varchar(255) COLLATE utf8mb4_unicode_ci NOT NULL,
  `color` varchar(50) COLLATE utf8mb4_unicode_ci NOT NULL DEFAULT '#6B7280',
  `sort_order` int NOT NULL DEFAULT '0',
  `created_at` timestamp NULL DEFAULT NULL,
  `updated_at` timestamp NULL DEFAULT NULL,
  PRIMARY KEY (`id`),
  UNIQUE KEY `asset_statuses_name_unique` (`name`)
) ENGINE=InnoDB AUTO_INCREMENT=7 DEFAULT CHARSET=utf8mb4 COLLATE=utf8mb4_unicode_ci;
/*!40101 SET character_set_client = @saved_cs_client */;

--
-- Dumping data for table `asset_statuses`
--

LOCK TABLES `asset_statuses` WRITE;
/*!40000 ALTER TABLE `asset_statuses` DISABLE KEYS */;
INSERT INTO `asset_statuses` VALUES (1,'NOT UPDATED','#14B8A6',1,'2026-07-05 23:41:24','2026-07-06 20:37:37'),(2,'FAULTY','#EF4444',2,'2026-07-05 23:41:24','2026-07-05 23:41:24'),(3,'MOVED','#EAB308',3,'2026-07-05 23:41:24','2026-07-05 23:41:24'),(4,'AVAILABLE','#22C55E',4,'2026-07-05 23:41:24','2026-07-05 23:41:24'),(5,'USED','#3B82F6',5,'2026-07-05 23:41:24','2026-07-05 23:41:24'),(6,'REPAIR','#F97316',6,'2026-07-05 23:41:24','2026-07-05 23:41:24');
/*!40000 ALTER TABLE `asset_statuses` ENABLE KEYS */;
UNLOCK TABLES;

--
-- Table structure for table `asset_transfers`
--

DROP TABLE IF EXISTS `asset_transfers`;
/*!40101 SET @saved_cs_client     = @@character_set_client */;
/*!50503 SET character_set_client = utf8mb4 */;
CREATE TABLE `asset_transfers` (
  `id` bigint unsigned NOT NULL AUTO_INCREMENT,
  `asset_id` bigint unsigned NOT NULL,
  `from_site_id` bigint unsigned DEFAULT NULL,
  `to_site_id` bigint unsigned NOT NULL,
  `requested_by` bigint unsigned NOT NULL,
  `approved_by` bigint unsigned DEFAULT NULL,
  `status` enum('pending','approved','rejected','completed') COLLATE utf8mb4_unicode_ci NOT NULL DEFAULT 'pending',
  `transfer_date` timestamp NULL DEFAULT NULL,
  `notes` text COLLATE utf8mb4_unicode_ci,
  `created_at` timestamp NULL DEFAULT NULL,
  `updated_at` timestamp NULL DEFAULT NULL,
  PRIMARY KEY (`id`),
  KEY `asset_transfers_asset_id_foreign` (`asset_id`),
  KEY `asset_transfers_from_site_id_foreign` (`from_site_id`),
  KEY `asset_transfers_to_site_id_foreign` (`to_site_id`),
  KEY `asset_transfers_requested_by_foreign` (`requested_by`),
  KEY `asset_transfers_approved_by_foreign` (`approved_by`),
  CONSTRAINT `asset_transfers_approved_by_foreign` FOREIGN KEY (`approved_by`) REFERENCES `users` (`id`),
  CONSTRAINT `asset_transfers_asset_id_foreign` FOREIGN KEY (`asset_id`) REFERENCES `assets` (`id`) ON DELETE CASCADE,
  CONSTRAINT `asset_transfers_from_site_id_foreign` FOREIGN KEY (`from_site_id`) REFERENCES `sites` (`id`) ON DELETE SET NULL,
  CONSTRAINT `asset_transfers_requested_by_foreign` FOREIGN KEY (`requested_by`) REFERENCES `users` (`id`),
  CONSTRAINT `asset_transfers_to_site_id_foreign` FOREIGN KEY (`to_site_id`) REFERENCES `sites` (`id`) ON DELETE CASCADE
) ENGINE=InnoDB DEFAULT CHARSET=utf8mb4 COLLATE=utf8mb4_unicode_ci;
/*!40101 SET character_set_client = @saved_cs_client */;

--
-- Dumping data for table `asset_transfers`
--

LOCK TABLES `asset_transfers` WRITE;
/*!40000 ALTER TABLE `asset_transfers` DISABLE KEYS */;
/*!40000 ALTER TABLE `asset_transfers` ENABLE KEYS */;
UNLOCK TABLES;

--
-- Table structure for table `asset_types`
--

DROP TABLE IF EXISTS `asset_types`;
/*!40101 SET @saved_cs_client     = @@character_set_client */;
/*!50503 SET character_set_client = utf8mb4 */;
CREATE TABLE `asset_types` (
  `id` bigint unsigned NOT NULL AUTO_INCREMENT,
  `category_id` bigint unsigned DEFAULT NULL,
  `name` varchar(255) COLLATE utf8mb4_unicode_ci NOT NULL,
  `created_at` timestamp NULL DEFAULT NULL,
  `updated_at` timestamp NULL DEFAULT NULL,
  `deleted_at` timestamp NULL DEFAULT NULL,
  PRIMARY KEY (`id`),
  KEY `asset_types_category_id_foreign` (`category_id`),
  CONSTRAINT `asset_types_category_id_foreign` FOREIGN KEY (`category_id`) REFERENCES `asset_categories` (`id`) ON DELETE SET NULL
) ENGINE=InnoDB AUTO_INCREMENT=2 DEFAULT CHARSET=utf8mb4 COLLATE=utf8mb4_unicode_ci;
/*!40101 SET character_set_client = @saved_cs_client */;

--
-- Dumping data for table `asset_types`
--

LOCK TABLES `asset_types` WRITE;
/*!40000 ALTER TABLE `asset_types` DISABLE KEYS */;
INSERT INTO `asset_types` VALUES (1,1,'STRIP PRINTER','2026-07-06 20:06:01','2026-07-06 20:06:01',NULL);
/*!40000 ALTER TABLE `asset_types` ENABLE KEYS */;
UNLOCK TABLES;

--
-- Table structure for table `assets`
--

DROP TABLE IF EXISTS `assets`;
/*!40101 SET @saved_cs_client     = @@character_set_client */;
/*!50503 SET character_set_client = utf8mb4 */;
CREATE TABLE `assets` (
  `id` bigint unsigned NOT NULL AUTO_INCREMENT,
  `created_at` timestamp NULL DEFAULT NULL,
  `updated_at` timestamp NULL DEFAULT NULL,
  `deleted_at` timestamp NULL DEFAULT NULL,
  `site_id` bigint unsigned DEFAULT NULL,
  `status` varchar(255) COLLATE utf8mb4_unicode_ci NOT NULL DEFAULT 'available',
  PRIMARY KEY (`id`),
  KEY `assets_site_id_foreign` (`site_id`),
  CONSTRAINT `assets_site_id_foreign` FOREIGN KEY (`site_id`) REFERENCES `sites` (`id`) ON DELETE SET NULL
) ENGINE=InnoDB AUTO_INCREMENT=115 DEFAULT CHARSET=utf8mb4 COLLATE=utf8mb4_unicode_ci;
/*!40101 SET character_set_client = @saved_cs_client */;

--
-- Dumping data for table `assets`
--

LOCK TABLES `assets` WRITE;
/*!40000 ALTER TABLE `assets` DISABLE KEYS */;
INSERT INTO `assets` VALUES (1,'2026-07-05 23:57:42','2026-07-05 23:57:42',NULL,1,'available'),(2,'2026-07-05 23:57:42','2026-07-05 23:57:42',NULL,1,'available'),(3,'2026-07-05 23:57:42','2026-07-05 23:57:42',NULL,1,'available'),(4,'2026-07-05 23:57:42','2026-07-05 23:57:42',NULL,1,'available'),(5,'2026-07-05 23:57:42','2026-07-05 23:57:42',NULL,1,'available'),(6,'2026-07-05 23:57:42','2026-07-05 23:57:42',NULL,1,'available'),(7,'2026-07-05 23:57:42','2026-07-05 23:57:42',NULL,1,'available'),(8,'2026-07-05 23:57:42','2026-07-05 23:57:42',NULL,1,'available'),(9,'2026-07-05 23:57:42','2026-07-05 23:57:42',NULL,1,'available'),(10,'2026-07-05 23:57:42','2026-07-05 23:57:42',NULL,1,'available'),(11,'2026-07-05 23:57:43','2026-07-05 23:57:43',NULL,1,'available'),(12,'2026-07-05 23:57:43','2026-07-05 23:57:43',NULL,1,'available'),(13,'2026-07-05 23:57:43','2026-07-05 23:57:43',NULL,1,'available'),(14,'2026-07-05 23:57:43','2026-07-05 23:57:43',NULL,1,'available'),(15,'2026-07-05 23:57:43','2026-07-05 23:57:43',NULL,1,'available'),(16,'2026-07-05 23:57:43','2026-07-05 23:57:43',NULL,1,'available'),(17,'2026-07-05 23:57:43','2026-07-05 23:57:43',NULL,1,'available'),(18,'2026-07-05 23:57:43','2026-07-05 23:57:43',NULL,1,'available'),(19,'2026-07-05 23:57:43','2026-07-05 23:57:43',NULL,1,'available'),(20,'2026-07-05 23:57:43','2026-07-05 23:57:43',NULL,1,'available'),(21,'2026-07-05 23:57:43','2026-07-05 23:57:43',NULL,1,'available'),(22,'2026-07-05 23:57:43','2026-07-05 23:57:43',NULL,1,'available'),(23,'2026-07-05 23:57:43','2026-07-05 23:57:43',NULL,1,'available'),(24,'2026-07-05 23:57:43','2026-07-05 23:57:43',NULL,1,'available'),(25,'2026-07-05 23:57:43','2026-07-05 23:57:43',NULL,1,'available'),(26,'2026-07-05 23:57:43','2026-07-05 23:57:43',NULL,1,'available'),(27,'2026-07-05 23:57:43','2026-07-05 23:57:43',NULL,1,'available'),(28,'2026-07-05 23:57:43','2026-07-05 23:57:43',NULL,1,'available'),(29,'2026-07-05 23:57:43','2026-07-05 23:57:43',NULL,1,'available'),(30,'2026-07-05 23:57:43','2026-07-05 23:57:43',NULL,1,'available'),(31,'2026-07-05 23:57:43','2026-07-05 23:57:43',NULL,1,'available'),(32,'2026-07-05 23:57:43','2026-07-05 23:57:43',NULL,1,'available'),(33,'2026-07-05 23:57:43','2026-07-05 23:57:43',NULL,1,'available'),(34,'2026-07-05 23:57:43','2026-07-05 23:57:43',NULL,1,'available'),(35,'2026-07-05 23:57:43','2026-07-05 23:57:43',NULL,1,'available'),(36,'2026-07-05 23:57:43','2026-07-05 23:57:43',NULL,1,'available'),(37,'2026-07-05 23:57:43','2026-07-05 23:57:43',NULL,1,'available'),(38,'2026-07-05 23:57:43','2026-07-05 23:57:43',NULL,1,'available'),(39,'2026-07-05 23:57:43','2026-07-05 23:57:43',NULL,1,'available'),(40,'2026-07-05 23:57:43','2026-07-05 23:57:43',NULL,1,'available'),(41,'2026-07-05 23:57:43','2026-07-05 23:57:43',NULL,1,'available'),(42,'2026-07-05 23:57:43','2026-07-05 23:57:43',NULL,1,'available'),(43,'2026-07-05 23:57:43','2026-07-05 23:57:43',NULL,1,'available'),(44,'2026-07-05 23:57:43','2026-07-05 23:57:43',NULL,1,'available'),(45,'2026-07-05 23:57:43','2026-07-05 23:57:43',NULL,1,'available'),(46,'2026-07-05 23:57:43','2026-07-05 23:57:43',NULL,1,'available'),(47,'2026-07-05 23:57:43','2026-07-05 23:57:43',NULL,1,'available'),(48,'2026-07-05 23:57:43','2026-07-05 23:57:43',NULL,1,'available'),(49,'2026-07-05 23:57:43','2026-07-05 23:57:43',NULL,1,'available'),(50,'2026-07-05 23:57:43','2026-07-05 23:57:43',NULL,1,'available'),(51,'2026-07-05 23:57:43','2026-07-05 23:57:43',NULL,1,'available'),(52,'2026-07-05 23:57:43','2026-07-05 23:57:43',NULL,1,'available'),(53,'2026-07-05 23:57:43','2026-07-05 23:57:43',NULL,1,'available'),(54,'2026-07-05 23:57:43','2026-07-05 23:57:43',NULL,1,'available'),(55,'2026-07-05 23:57:43','2026-07-05 23:57:43',NULL,1,'available'),(56,'2026-07-05 23:57:43','2026-07-05 23:57:43',NULL,1,'available'),(57,'2026-07-05 23:57:43','2026-07-05 23:57:43',NULL,1,'available'),(58,'2026-07-05 23:57:43','2026-07-05 23:57:43',NULL,1,'available'),(59,'2026-07-05 23:57:43','2026-07-05 23:57:43',NULL,1,'available'),(60,'2026-07-05 23:57:43','2026-07-05 23:57:43',NULL,1,'available'),(61,'2026-07-05 23:57:43','2026-07-05 23:57:43',NULL,1,'available'),(62,'2026-07-05 23:57:43','2026-07-05 23:57:43',NULL,1,'available'),(63,'2026-07-05 23:57:43','2026-07-05 23:57:43',NULL,1,'available'),(64,'2026-07-05 23:57:43','2026-07-05 23:57:43',NULL,1,'available'),(65,'2026-07-05 23:57:43','2026-07-05 23:57:43',NULL,1,'available'),(66,'2026-07-05 23:57:43','2026-07-05 23:57:43',NULL,1,'available'),(67,'2026-07-05 23:57:43','2026-07-05 23:57:43',NULL,1,'available'),(68,'2026-07-05 23:57:43','2026-07-05 23:57:43',NULL,1,'available'),(69,'2026-07-05 23:57:43','2026-07-05 23:57:43',NULL,1,'available'),(70,'2026-07-05 23:57:43','2026-07-05 23:57:43',NULL,1,'available'),(71,'2026-07-05 23:57:43','2026-07-05 23:57:43',NULL,1,'available'),(72,'2026-07-05 23:57:43','2026-07-05 23:57:43',NULL,1,'available'),(73,'2026-07-05 23:57:43','2026-07-05 23:57:43',NULL,1,'available'),(74,'2026-07-05 23:57:43','2026-07-05 23:57:43',NULL,1,'available'),(75,'2026-07-05 23:57:43','2026-07-05 23:57:43',NULL,1,'available'),(76,'2026-07-05 23:57:43','2026-07-05 23:57:43',NULL,1,'available'),(77,'2026-07-05 23:57:43','2026-07-05 23:57:43',NULL,1,'available'),(78,'2026-07-05 23:57:43','2026-07-05 23:57:43',NULL,1,'available'),(79,'2026-07-05 23:57:43','2026-07-05 23:57:43',NULL,1,'available'),(80,'2026-07-05 23:57:43','2026-07-05 23:57:43',NULL,1,'available'),(81,'2026-07-05 23:57:43','2026-07-05 23:57:43',NULL,1,'available'),(82,'2026-07-05 23:57:43','2026-07-05 23:57:43',NULL,1,'available'),(83,'2026-07-05 23:57:43','2026-07-05 23:57:43',NULL,1,'available'),(84,'2026-07-05 23:57:43','2026-07-05 23:57:43',NULL,1,'available'),(85,'2026-07-05 23:57:43','2026-07-05 23:57:43',NULL,1,'available'),(86,'2026-07-05 23:57:43','2026-07-05 23:57:43',NULL,1,'available'),(87,'2026-07-05 23:57:43','2026-07-05 23:57:43',NULL,1,'available'),(88,'2026-07-05 23:57:43','2026-07-05 23:57:43',NULL,1,'available'),(89,'2026-07-05 23:57:43','2026-07-05 23:57:43',NULL,1,'available'),(90,'2026-07-05 23:57:43','2026-07-05 23:57:43',NULL,1,'available'),(91,'2026-07-05 23:57:43','2026-07-05 23:57:43',NULL,1,'available'),(92,'2026-07-05 23:57:43','2026-07-05 23:57:43',NULL,1,'available'),(93,'2026-07-05 23:57:43','2026-07-05 23:57:43',NULL,1,'available'),(94,'2026-07-05 23:57:43','2026-07-05 23:57:43',NULL,1,'available'),(95,'2026-07-05 23:58:20','2026-07-05 23:58:20',NULL,3,'available'),(96,'2026-07-05 23:58:20','2026-07-05 23:58:20',NULL,3,'available'),(97,'2026-07-05 23:58:20','2026-07-05 23:58:20',NULL,3,'available'),(98,'2026-07-05 23:58:20','2026-07-05 23:58:20',NULL,3,'available'),(99,'2026-07-05 23:58:20','2026-07-05 23:58:20',NULL,3,'available'),(100,'2026-07-05 23:58:20','2026-07-05 23:58:20',NULL,3,'available'),(101,'2026-07-05 23:58:20','2026-07-05 23:58:20',NULL,3,'available'),(102,'2026-07-05 23:58:20','2026-07-05 23:58:20',NULL,3,'available'),(103,'2026-07-05 23:58:20','2026-07-05 23:58:20',NULL,3,'available'),(104,'2026-07-05 23:58:20','2026-07-05 23:58:20',NULL,3,'available'),(105,'2026-07-05 23:58:41','2026-07-05 23:58:41',NULL,2,'available'),(106,'2026-07-05 23:58:41','2026-07-05 23:58:41',NULL,2,'available'),(107,'2026-07-05 23:58:41','2026-07-05 23:58:41',NULL,2,'available'),(108,'2026-07-05 23:58:41','2026-07-05 23:58:41',NULL,2,'available'),(109,'2026-07-05 23:58:41','2026-07-05 23:58:41',NULL,2,'available'),(110,'2026-07-05 23:58:41','2026-07-05 23:58:41',NULL,2,'available'),(111,'2026-07-05 23:58:41','2026-07-05 23:58:41',NULL,2,'available'),(112,'2026-07-05 23:58:41','2026-07-05 23:58:41',NULL,2,'available'),(113,'2026-07-05 23:58:41','2026-07-05 23:58:41',NULL,2,'available'),(114,'2026-07-05 23:58:41','2026-07-05 23:58:41',NULL,2,'available');
/*!40000 ALTER TABLE `assets` ENABLE KEYS */;
UNLOCK TABLES;

--
-- Table structure for table `audit_logs`
--

DROP TABLE IF EXISTS `audit_logs`;
/*!40101 SET @saved_cs_client     = @@character_set_client */;
/*!50503 SET character_set_client = utf8mb4 */;
CREATE TABLE `audit_logs` (
  `id` bigint unsigned NOT NULL AUTO_INCREMENT,
  `user_id` bigint unsigned DEFAULT NULL,
  `action` varchar(255) COLLATE utf8mb4_unicode_ci NOT NULL,
  `auditable_type` varchar(255) COLLATE utf8mb4_unicode_ci NOT NULL,
  `auditable_id` bigint unsigned NOT NULL,
  `old_values` json DEFAULT NULL,
  `new_values` json DEFAULT NULL,
  `ip_address` varchar(45) COLLATE utf8mb4_unicode_ci DEFAULT NULL,
  `created_at` timestamp NULL DEFAULT NULL,
  `updated_at` timestamp NULL DEFAULT NULL,
  PRIMARY KEY (`id`),
  KEY `audit_logs_user_id_foreign` (`user_id`),
  KEY `audit_logs_auditable_type_auditable_id_index` (`auditable_type`,`auditable_id`),
  CONSTRAINT `audit_logs_user_id_foreign` FOREIGN KEY (`user_id`) REFERENCES `users` (`id`) ON DELETE SET NULL
) ENGINE=InnoDB DEFAULT CHARSET=utf8mb4 COLLATE=utf8mb4_unicode_ci;
/*!40101 SET character_set_client = @saved_cs_client */;

--
-- Dumping data for table `audit_logs`
--

LOCK TABLES `audit_logs` WRITE;
/*!40000 ALTER TABLE `audit_logs` DISABLE KEYS */;
/*!40000 ALTER TABLE `audit_logs` ENABLE KEYS */;
UNLOCK TABLES;

--
-- Table structure for table `audits`
--

DROP TABLE IF EXISTS `audits`;
/*!40101 SET @saved_cs_client     = @@character_set_client */;
/*!50503 SET character_set_client = utf8mb4 */;
CREATE TABLE `audits` (
  `id` bigint unsigned NOT NULL AUTO_INCREMENT,
  `user_type` varchar(255) COLLATE utf8mb4_unicode_ci DEFAULT NULL,
  `user_id` bigint unsigned DEFAULT NULL,
  `event` varchar(255) COLLATE utf8mb4_unicode_ci NOT NULL,
  `auditable_type` varchar(255) COLLATE utf8mb4_unicode_ci NOT NULL,
  `auditable_id` bigint unsigned NOT NULL,
  `old_values` text COLLATE utf8mb4_unicode_ci,
  `new_values` text COLLATE utf8mb4_unicode_ci,
  `url` text COLLATE utf8mb4_unicode_ci,
  `ip_address` varchar(45) COLLATE utf8mb4_unicode_ci DEFAULT NULL,
  `user_agent` varchar(1023) COLLATE utf8mb4_unicode_ci DEFAULT NULL,
  `tags` varchar(255) COLLATE utf8mb4_unicode_ci DEFAULT NULL,
  `created_at` timestamp NULL DEFAULT NULL,
  `updated_at` timestamp NULL DEFAULT NULL,
  PRIMARY KEY (`id`),
  KEY `audits_auditable_type_auditable_id_index` (`auditable_type`,`auditable_id`),
  KEY `audits_user_id_user_type_index` (`user_id`,`user_type`)
) ENGINE=InnoDB AUTO_INCREMENT=123 DEFAULT CHARSET=utf8mb4 COLLATE=utf8mb4_unicode_ci;
/*!40101 SET character_set_client = @saved_cs_client */;

--
-- Dumping data for table `audits`
--

LOCK TABLES `audits` WRITE;
/*!40000 ALTER TABLE `audits` DISABLE KEYS */;
INSERT INTO `audits` VALUES (1,'App\\Models\\User',2,'login','App\\Models\\User',2,'[]','[]','http://localhost:8000/login','127.0.0.1','Mozilla/5.0 (Macintosh; Intel Mac OS X 10_15_7) AppleWebKit/537.36 (KHTML, like Gecko) Chrome/149.0.0.0 Safari/537.36',NULL,'2026-07-05 23:47:48','2026-07-05 23:47:48'),(2,'App\\Models\\User',2,'login','App\\Models\\User',2,'[]','[]','http://localhost:8000/login','127.0.0.1','Mozilla/5.0 (Macintosh; Intel Mac OS X 10_15_7) AppleWebKit/537.36 (KHTML, like Gecko) Chrome/149.0.0.0 Safari/537.36',NULL,'2026-07-05 23:48:57','2026-07-05 23:48:57'),(3,'App\\Models\\User',2,'created','App\\Models\\Site',1,'[]','{\"name\":\"KOTA KINABALU\",\"code\":\"KK-01\",\"region\":\"sabah\",\"id\":1}','http://localhost:8000/master-data/sites','127.0.0.1','Mozilla/5.0 (Macintosh; Intel Mac OS X 10_15_7) AppleWebKit/537.36 (KHTML, like Gecko) Chrome/149.0.0.0 Safari/537.36',NULL,'2026-07-05 23:56:32','2026-07-05 23:56:32'),(4,'App\\Models\\User',2,'created','App\\Models\\Site',2,'[]','{\"name\":\"SANDAKAN\",\"code\":\"SDK-01\",\"region\":\"sabah\",\"id\":2}','http://localhost:8000/master-data/sites','127.0.0.1','Mozilla/5.0 (Macintosh; Intel Mac OS X 10_15_7) AppleWebKit/537.36 (KHTML, like Gecko) Chrome/149.0.0.0 Safari/537.36',NULL,'2026-07-05 23:56:46','2026-07-05 23:56:46'),(5,'App\\Models\\User',2,'created','App\\Models\\Site',3,'[]','{\"name\":\"MIRI\",\"code\":\"MI-01\",\"region\":\"sarawak\",\"id\":3}','http://localhost:8000/master-data/sites','127.0.0.1','Mozilla/5.0 (Macintosh; Intel Mac OS X 10_15_7) AppleWebKit/537.36 (KHTML, like Gecko) Chrome/149.0.0.0 Safari/537.36',NULL,'2026-07-05 23:56:59','2026-07-05 23:56:59'),(6,'App\\Models\\User',2,'created','App\\Models\\Asset',1,'[]','{\"site_id\":1,\"id\":1}','http://localhost:8000/assets/import-bulk','127.0.0.1','Mozilla/5.0 (Macintosh; Intel Mac OS X 10_15_7) AppleWebKit/537.36 (KHTML, like Gecko) Chrome/149.0.0.0 Safari/537.36',NULL,'2026-07-05 23:57:42','2026-07-05 23:57:42'),(7,'App\\Models\\User',2,'created','App\\Models\\Asset',2,'[]','{\"site_id\":1,\"id\":2}','http://localhost:8000/assets/import-bulk','127.0.0.1','Mozilla/5.0 (Macintosh; Intel Mac OS X 10_15_7) AppleWebKit/537.36 (KHTML, like Gecko) Chrome/149.0.0.0 Safari/537.36',NULL,'2026-07-05 23:57:42','2026-07-05 23:57:42'),(8,'App\\Models\\User',2,'created','App\\Models\\Asset',3,'[]','{\"site_id\":1,\"id\":3}','http://localhost:8000/assets/import-bulk','127.0.0.1','Mozilla/5.0 (Macintosh; Intel Mac OS X 10_15_7) AppleWebKit/537.36 (KHTML, like Gecko) Chrome/149.0.0.0 Safari/537.36',NULL,'2026-07-05 23:57:42','2026-07-05 23:57:42'),(9,'App\\Models\\User',2,'created','App\\Models\\Asset',4,'[]','{\"site_id\":1,\"id\":4}','http://localhost:8000/assets/import-bulk','127.0.0.1','Mozilla/5.0 (Macintosh; Intel Mac OS X 10_15_7) AppleWebKit/537.36 (KHTML, like Gecko) Chrome/149.0.0.0 Safari/537.36',NULL,'2026-07-05 23:57:42','2026-07-05 23:57:42'),(10,'App\\Models\\User',2,'created','App\\Models\\Asset',5,'[]','{\"site_id\":1,\"id\":5}','http://localhost:8000/assets/import-bulk','127.0.0.1','Mozilla/5.0 (Macintosh; Intel Mac OS X 10_15_7) AppleWebKit/537.36 (KHTML, like Gecko) Chrome/149.0.0.0 Safari/537.36',NULL,'2026-07-05 23:57:42','2026-07-05 23:57:42'),(11,'App\\Models\\User',2,'created','App\\Models\\Asset',6,'[]','{\"site_id\":1,\"id\":6}','http://localhost:8000/assets/import-bulk','127.0.0.1','Mozilla/5.0 (Macintosh; Intel Mac OS X 10_15_7) AppleWebKit/537.36 (KHTML, like Gecko) Chrome/149.0.0.0 Safari/537.36',NULL,'2026-07-05 23:57:42','2026-07-05 23:57:42'),(12,'App\\Models\\User',2,'created','App\\Models\\Asset',7,'[]','{\"site_id\":1,\"id\":7}','http://localhost:8000/assets/import-bulk','127.0.0.1','Mozilla/5.0 (Macintosh; Intel Mac OS X 10_15_7) AppleWebKit/537.36 (KHTML, like Gecko) Chrome/149.0.0.0 Safari/537.36',NULL,'2026-07-05 23:57:42','2026-07-05 23:57:42'),(13,'App\\Models\\User',2,'created','App\\Models\\Asset',8,'[]','{\"site_id\":1,\"id\":8}','http://localhost:8000/assets/import-bulk','127.0.0.1','Mozilla/5.0 (Macintosh; Intel Mac OS X 10_15_7) AppleWebKit/537.36 (KHTML, like Gecko) Chrome/149.0.0.0 Safari/537.36',NULL,'2026-07-05 23:57:42','2026-07-05 23:57:42'),(14,'App\\Models\\User',2,'created','App\\Models\\Asset',9,'[]','{\"site_id\":1,\"id\":9}','http://localhost:8000/assets/import-bulk','127.0.0.1','Mozilla/5.0 (Macintosh; Intel Mac OS X 10_15_7) AppleWebKit/537.36 (KHTML, like Gecko) Chrome/149.0.0.0 Safari/537.36',NULL,'2026-07-05 23:57:42','2026-07-05 23:57:42'),(15,'App\\Models\\User',2,'created','App\\Models\\Asset',10,'[]','{\"site_id\":1,\"id\":10}','http://localhost:8000/assets/import-bulk','127.0.0.1','Mozilla/5.0 (Macintosh; Intel Mac OS X 10_15_7) AppleWebKit/537.36 (KHTML, like Gecko) Chrome/149.0.0.0 Safari/537.36',NULL,'2026-07-05 23:57:42','2026-07-05 23:57:42'),(16,'App\\Models\\User',2,'created','App\\Models\\Asset',11,'[]','{\"site_id\":1,\"id\":11}','http://localhost:8000/assets/import-bulk','127.0.0.1','Mozilla/5.0 (Macintosh; Intel Mac OS X 10_15_7) AppleWebKit/537.36 (KHTML, like Gecko) Chrome/149.0.0.0 Safari/537.36',NULL,'2026-07-05 23:57:43','2026-07-05 23:57:43'),(17,'App\\Models\\User',2,'created','App\\Models\\Asset',12,'[]','{\"site_id\":1,\"id\":12}','http://localhost:8000/assets/import-bulk','127.0.0.1','Mozilla/5.0 (Macintosh; Intel Mac OS X 10_15_7) AppleWebKit/537.36 (KHTML, like Gecko) Chrome/149.0.0.0 Safari/537.36',NULL,'2026-07-05 23:57:43','2026-07-05 23:57:43'),(18,'App\\Models\\User',2,'created','App\\Models\\Asset',13,'[]','{\"site_id\":1,\"id\":13}','http://localhost:8000/assets/import-bulk','127.0.0.1','Mozilla/5.0 (Macintosh; Intel Mac OS X 10_15_7) AppleWebKit/537.36 (KHTML, like Gecko) Chrome/149.0.0.0 Safari/537.36',NULL,'2026-07-05 23:57:43','2026-07-05 23:57:43'),(19,'App\\Models\\User',2,'created','App\\Models\\Asset',14,'[]','{\"site_id\":1,\"id\":14}','http://localhost:8000/assets/import-bulk','127.0.0.1','Mozilla/5.0 (Macintosh; Intel Mac OS X 10_15_7) AppleWebKit/537.36 (KHTML, like Gecko) Chrome/149.0.0.0 Safari/537.36',NULL,'2026-07-05 23:57:43','2026-07-05 23:57:43'),(20,'App\\Models\\User',2,'created','App\\Models\\Asset',15,'[]','{\"site_id\":1,\"id\":15}','http://localhost:8000/assets/import-bulk','127.0.0.1','Mozilla/5.0 (Macintosh; Intel Mac OS X 10_15_7) AppleWebKit/537.36 (KHTML, like Gecko) Chrome/149.0.0.0 Safari/537.36',NULL,'2026-07-05 23:57:43','2026-07-05 23:57:43'),(21,'App\\Models\\User',2,'created','App\\Models\\Asset',16,'[]','{\"site_id\":1,\"id\":16}','http://localhost:8000/assets/import-bulk','127.0.0.1','Mozilla/5.0 (Macintosh; Intel Mac OS X 10_15_7) AppleWebKit/537.36 (KHTML, like Gecko) Chrome/149.0.0.0 Safari/537.36',NULL,'2026-07-05 23:57:43','2026-07-05 23:57:43'),(22,'App\\Models\\User',2,'created','App\\Models\\Asset',17,'[]','{\"site_id\":1,\"id\":17}','http://localhost:8000/assets/import-bulk','127.0.0.1','Mozilla/5.0 (Macintosh; Intel Mac OS X 10_15_7) AppleWebKit/537.36 (KHTML, like Gecko) Chrome/149.0.0.0 Safari/537.36',NULL,'2026-07-05 23:57:43','2026-07-05 23:57:43'),(23,'App\\Models\\User',2,'created','App\\Models\\Asset',18,'[]','{\"site_id\":1,\"id\":18}','http://localhost:8000/assets/import-bulk','127.0.0.1','Mozilla/5.0 (Macintosh; Intel Mac OS X 10_15_7) AppleWebKit/537.36 (KHTML, like Gecko) Chrome/149.0.0.0 Safari/537.36',NULL,'2026-07-05 23:57:43','2026-07-05 23:57:43'),(24,'App\\Models\\User',2,'created','App\\Models\\Asset',19,'[]','{\"site_id\":1,\"id\":19}','http://localhost:8000/assets/import-bulk','127.0.0.1','Mozilla/5.0 (Macintosh; Intel Mac OS X 10_15_7) AppleWebKit/537.36 (KHTML, like Gecko) Chrome/149.0.0.0 Safari/537.36',NULL,'2026-07-05 23:57:43','2026-07-05 23:57:43'),(25,'App\\Models\\User',2,'created','App\\Models\\Asset',20,'[]','{\"site_id\":1,\"id\":20}','http://localhost:8000/assets/import-bulk','127.0.0.1','Mozilla/5.0 (Macintosh; Intel Mac OS X 10_15_7) AppleWebKit/537.36 (KHTML, like Gecko) Chrome/149.0.0.0 Safari/537.36',NULL,'2026-07-05 23:57:43','2026-07-05 23:57:43'),(26,'App\\Models\\User',2,'created','App\\Models\\Asset',21,'[]','{\"site_id\":1,\"id\":21}','http://localhost:8000/assets/import-bulk','127.0.0.1','Mozilla/5.0 (Macintosh; Intel Mac OS X 10_15_7) AppleWebKit/537.36 (KHTML, like Gecko) Chrome/149.0.0.0 Safari/537.36',NULL,'2026-07-05 23:57:43','2026-07-05 23:57:43'),(27,'App\\Models\\User',2,'created','App\\Models\\Asset',22,'[]','{\"site_id\":1,\"id\":22}','http://localhost:8000/assets/import-bulk','127.0.0.1','Mozilla/5.0 (Macintosh; Intel Mac OS X 10_15_7) AppleWebKit/537.36 (KHTML, like Gecko) Chrome/149.0.0.0 Safari/537.36',NULL,'2026-07-05 23:57:43','2026-07-05 23:57:43'),(28,'App\\Models\\User',2,'created','App\\Models\\Asset',23,'[]','{\"site_id\":1,\"id\":23}','http://localhost:8000/assets/import-bulk','127.0.0.1','Mozilla/5.0 (Macintosh; Intel Mac OS X 10_15_7) AppleWebKit/537.36 (KHTML, like Gecko) Chrome/149.0.0.0 Safari/537.36',NULL,'2026-07-05 23:57:43','2026-07-05 23:57:43'),(29,'App\\Models\\User',2,'created','App\\Models\\Asset',24,'[]','{\"site_id\":1,\"id\":24}','http://localhost:8000/assets/import-bulk','127.0.0.1','Mozilla/5.0 (Macintosh; Intel Mac OS X 10_15_7) AppleWebKit/537.36 (KHTML, like Gecko) Chrome/149.0.0.0 Safari/537.36',NULL,'2026-07-05 23:57:43','2026-07-05 23:57:43'),(30,'App\\Models\\User',2,'created','App\\Models\\Asset',25,'[]','{\"site_id\":1,\"id\":25}','http://localhost:8000/assets/import-bulk','127.0.0.1','Mozilla/5.0 (Macintosh; Intel Mac OS X 10_15_7) AppleWebKit/537.36 (KHTML, like Gecko) Chrome/149.0.0.0 Safari/537.36',NULL,'2026-07-05 23:57:43','2026-07-05 23:57:43'),(31,'App\\Models\\User',2,'created','App\\Models\\Asset',26,'[]','{\"site_id\":1,\"id\":26}','http://localhost:8000/assets/import-bulk','127.0.0.1','Mozilla/5.0 (Macintosh; Intel Mac OS X 10_15_7) AppleWebKit/537.36 (KHTML, like Gecko) Chrome/149.0.0.0 Safari/537.36',NULL,'2026-07-05 23:57:43','2026-07-05 23:57:43'),(32,'App\\Models\\User',2,'created','App\\Models\\Asset',27,'[]','{\"site_id\":1,\"id\":27}','http://localhost:8000/assets/import-bulk','127.0.0.1','Mozilla/5.0 (Macintosh; Intel Mac OS X 10_15_7) AppleWebKit/537.36 (KHTML, like Gecko) Chrome/149.0.0.0 Safari/537.36',NULL,'2026-07-05 23:57:43','2026-07-05 23:57:43'),(33,'App\\Models\\User',2,'created','App\\Models\\Asset',28,'[]','{\"site_id\":1,\"id\":28}','http://localhost:8000/assets/import-bulk','127.0.0.1','Mozilla/5.0 (Macintosh; Intel Mac OS X 10_15_7) AppleWebKit/537.36 (KHTML, like Gecko) Chrome/149.0.0.0 Safari/537.36',NULL,'2026-07-05 23:57:43','2026-07-05 23:57:43'),(34,'App\\Models\\User',2,'created','App\\Models\\Asset',29,'[]','{\"site_id\":1,\"id\":29}','http://localhost:8000/assets/import-bulk','127.0.0.1','Mozilla/5.0 (Macintosh; Intel Mac OS X 10_15_7) AppleWebKit/537.36 (KHTML, like Gecko) Chrome/149.0.0.0 Safari/537.36',NULL,'2026-07-05 23:57:43','2026-07-05 23:57:43'),(35,'App\\Models\\User',2,'created','App\\Models\\Asset',30,'[]','{\"site_id\":1,\"id\":30}','http://localhost:8000/assets/import-bulk','127.0.0.1','Mozilla/5.0 (Macintosh; Intel Mac OS X 10_15_7) AppleWebKit/537.36 (KHTML, like Gecko) Chrome/149.0.0.0 Safari/537.36',NULL,'2026-07-05 23:57:43','2026-07-05 23:57:43'),(36,'App\\Models\\User',2,'created','App\\Models\\Asset',31,'[]','{\"site_id\":1,\"id\":31}','http://localhost:8000/assets/import-bulk','127.0.0.1','Mozilla/5.0 (Macintosh; Intel Mac OS X 10_15_7) AppleWebKit/537.36 (KHTML, like Gecko) Chrome/149.0.0.0 Safari/537.36',NULL,'2026-07-05 23:57:43','2026-07-05 23:57:43'),(37,'App\\Models\\User',2,'created','App\\Models\\Asset',32,'[]','{\"site_id\":1,\"id\":32}','http://localhost:8000/assets/import-bulk','127.0.0.1','Mozilla/5.0 (Macintosh; Intel Mac OS X 10_15_7) AppleWebKit/537.36 (KHTML, like Gecko) Chrome/149.0.0.0 Safari/537.36',NULL,'2026-07-05 23:57:43','2026-07-05 23:57:43'),(38,'App\\Models\\User',2,'created','App\\Models\\Asset',33,'[]','{\"site_id\":1,\"id\":33}','http://localhost:8000/assets/import-bulk','127.0.0.1','Mozilla/5.0 (Macintosh; Intel Mac OS X 10_15_7) AppleWebKit/537.36 (KHTML, like Gecko) Chrome/149.0.0.0 Safari/537.36',NULL,'2026-07-05 23:57:43','2026-07-05 23:57:43'),(39,'App\\Models\\User',2,'created','App\\Models\\Asset',34,'[]','{\"site_id\":1,\"id\":34}','http://localhost:8000/assets/import-bulk','127.0.0.1','Mozilla/5.0 (Macintosh; Intel Mac OS X 10_15_7) AppleWebKit/537.36 (KHTML, like Gecko) Chrome/149.0.0.0 Safari/537.36',NULL,'2026-07-05 23:57:43','2026-07-05 23:57:43'),(40,'App\\Models\\User',2,'created','App\\Models\\Asset',35,'[]','{\"site_id\":1,\"id\":35}','http://localhost:8000/assets/import-bulk','127.0.0.1','Mozilla/5.0 (Macintosh; Intel Mac OS X 10_15_7) AppleWebKit/537.36 (KHTML, like Gecko) Chrome/149.0.0.0 Safari/537.36',NULL,'2026-07-05 23:57:43','2026-07-05 23:57:43'),(41,'App\\Models\\User',2,'created','App\\Models\\Asset',36,'[]','{\"site_id\":1,\"id\":36}','http://localhost:8000/assets/import-bulk','127.0.0.1','Mozilla/5.0 (Macintosh; Intel Mac OS X 10_15_7) AppleWebKit/537.36 (KHTML, like Gecko) Chrome/149.0.0.0 Safari/537.36',NULL,'2026-07-05 23:57:43','2026-07-05 23:57:43'),(42,'App\\Models\\User',2,'created','App\\Models\\Asset',37,'[]','{\"site_id\":1,\"id\":37}','http://localhost:8000/assets/import-bulk','127.0.0.1','Mozilla/5.0 (Macintosh; Intel Mac OS X 10_15_7) AppleWebKit/537.36 (KHTML, like Gecko) Chrome/149.0.0.0 Safari/537.36',NULL,'2026-07-05 23:57:43','2026-07-05 23:57:43'),(43,'App\\Models\\User',2,'created','App\\Models\\Asset',38,'[]','{\"site_id\":1,\"id\":38}','http://localhost:8000/assets/import-bulk','127.0.0.1','Mozilla/5.0 (Macintosh; Intel Mac OS X 10_15_7) AppleWebKit/537.36 (KHTML, like Gecko) Chrome/149.0.0.0 Safari/537.36',NULL,'2026-07-05 23:57:43','2026-07-05 23:57:43'),(44,'App\\Models\\User',2,'created','App\\Models\\Asset',39,'[]','{\"site_id\":1,\"id\":39}','http://localhost:8000/assets/import-bulk','127.0.0.1','Mozilla/5.0 (Macintosh; Intel Mac OS X 10_15_7) AppleWebKit/537.36 (KHTML, like Gecko) Chrome/149.0.0.0 Safari/537.36',NULL,'2026-07-05 23:57:43','2026-07-05 23:57:43'),(45,'App\\Models\\User',2,'created','App\\Models\\Asset',40,'[]','{\"site_id\":1,\"id\":40}','http://localhost:8000/assets/import-bulk','127.0.0.1','Mozilla/5.0 (Macintosh; Intel Mac OS X 10_15_7) AppleWebKit/537.36 (KHTML, like Gecko) Chrome/149.0.0.0 Safari/537.36',NULL,'2026-07-05 23:57:43','2026-07-05 23:57:43'),(46,'App\\Models\\User',2,'created','App\\Models\\Asset',41,'[]','{\"site_id\":1,\"id\":41}','http://localhost:8000/assets/import-bulk','127.0.0.1','Mozilla/5.0 (Macintosh; Intel Mac OS X 10_15_7) AppleWebKit/537.36 (KHTML, like Gecko) Chrome/149.0.0.0 Safari/537.36',NULL,'2026-07-05 23:57:43','2026-07-05 23:57:43'),(47,'App\\Models\\User',2,'created','App\\Models\\Asset',42,'[]','{\"site_id\":1,\"id\":42}','http://localhost:8000/assets/import-bulk','127.0.0.1','Mozilla/5.0 (Macintosh; Intel Mac OS X 10_15_7) AppleWebKit/537.36 (KHTML, like Gecko) Chrome/149.0.0.0 Safari/537.36',NULL,'2026-07-05 23:57:43','2026-07-05 23:57:43'),(48,'App\\Models\\User',2,'created','App\\Models\\Asset',43,'[]','{\"site_id\":1,\"id\":43}','http://localhost:8000/assets/import-bulk','127.0.0.1','Mozilla/5.0 (Macintosh; Intel Mac OS X 10_15_7) AppleWebKit/537.36 (KHTML, like Gecko) Chrome/149.0.0.0 Safari/537.36',NULL,'2026-07-05 23:57:43','2026-07-05 23:57:43'),(49,'App\\Models\\User',2,'created','App\\Models\\Asset',44,'[]','{\"site_id\":1,\"id\":44}','http://localhost:8000/assets/import-bulk','127.0.0.1','Mozilla/5.0 (Macintosh; Intel Mac OS X 10_15_7) AppleWebKit/537.36 (KHTML, like Gecko) Chrome/149.0.0.0 Safari/537.36',NULL,'2026-07-05 23:57:43','2026-07-05 23:57:43'),(50,'App\\Models\\User',2,'created','App\\Models\\Asset',45,'[]','{\"site_id\":1,\"id\":45}','http://localhost:8000/assets/import-bulk','127.0.0.1','Mozilla/5.0 (Macintosh; Intel Mac OS X 10_15_7) AppleWebKit/537.36 (KHTML, like Gecko) Chrome/149.0.0.0 Safari/537.36',NULL,'2026-07-05 23:57:43','2026-07-05 23:57:43'),(51,'App\\Models\\User',2,'created','App\\Models\\Asset',46,'[]','{\"site_id\":1,\"id\":46}','http://localhost:8000/assets/import-bulk','127.0.0.1','Mozilla/5.0 (Macintosh; Intel Mac OS X 10_15_7) AppleWebKit/537.36 (KHTML, like Gecko) Chrome/149.0.0.0 Safari/537.36',NULL,'2026-07-05 23:57:43','2026-07-05 23:57:43'),(52,'App\\Models\\User',2,'created','App\\Models\\Asset',47,'[]','{\"site_id\":1,\"id\":47}','http://localhost:8000/assets/import-bulk','127.0.0.1','Mozilla/5.0 (Macintosh; Intel Mac OS X 10_15_7) AppleWebKit/537.36 (KHTML, like Gecko) Chrome/149.0.0.0 Safari/537.36',NULL,'2026-07-05 23:57:43','2026-07-05 23:57:43'),(53,'App\\Models\\User',2,'created','App\\Models\\Asset',48,'[]','{\"site_id\":1,\"id\":48}','http://localhost:8000/assets/import-bulk','127.0.0.1','Mozilla/5.0 (Macintosh; Intel Mac OS X 10_15_7) AppleWebKit/537.36 (KHTML, like Gecko) Chrome/149.0.0.0 Safari/537.36',NULL,'2026-07-05 23:57:43','2026-07-05 23:57:43'),(54,'App\\Models\\User',2,'created','App\\Models\\Asset',49,'[]','{\"site_id\":1,\"id\":49}','http://localhost:8000/assets/import-bulk','127.0.0.1','Mozilla/5.0 (Macintosh; Intel Mac OS X 10_15_7) AppleWebKit/537.36 (KHTML, like Gecko) Chrome/149.0.0.0 Safari/537.36',NULL,'2026-07-05 23:57:43','2026-07-05 23:57:43'),(55,'App\\Models\\User',2,'created','App\\Models\\Asset',50,'[]','{\"site_id\":1,\"id\":50}','http://localhost:8000/assets/import-bulk','127.0.0.1','Mozilla/5.0 (Macintosh; Intel Mac OS X 10_15_7) AppleWebKit/537.36 (KHTML, like Gecko) Chrome/149.0.0.0 Safari/537.36',NULL,'2026-07-05 23:57:43','2026-07-05 23:57:43'),(56,'App\\Models\\User',2,'created','App\\Models\\Asset',51,'[]','{\"site_id\":1,\"id\":51}','http://localhost:8000/assets/import-bulk','127.0.0.1','Mozilla/5.0 (Macintosh; Intel Mac OS X 10_15_7) AppleWebKit/537.36 (KHTML, like Gecko) Chrome/149.0.0.0 Safari/537.36',NULL,'2026-07-05 23:57:43','2026-07-05 23:57:43'),(57,'App\\Models\\User',2,'created','App\\Models\\Asset',52,'[]','{\"site_id\":1,\"id\":52}','http://localhost:8000/assets/import-bulk','127.0.0.1','Mozilla/5.0 (Macintosh; Intel Mac OS X 10_15_7) AppleWebKit/537.36 (KHTML, like Gecko) Chrome/149.0.0.0 Safari/537.36',NULL,'2026-07-05 23:57:43','2026-07-05 23:57:43'),(58,'App\\Models\\User',2,'created','App\\Models\\Asset',53,'[]','{\"site_id\":1,\"id\":53}','http://localhost:8000/assets/import-bulk','127.0.0.1','Mozilla/5.0 (Macintosh; Intel Mac OS X 10_15_7) AppleWebKit/537.36 (KHTML, like Gecko) Chrome/149.0.0.0 Safari/537.36',NULL,'2026-07-05 23:57:43','2026-07-05 23:57:43'),(59,'App\\Models\\User',2,'created','App\\Models\\Asset',54,'[]','{\"site_id\":1,\"id\":54}','http://localhost:8000/assets/import-bulk','127.0.0.1','Mozilla/5.0 (Macintosh; Intel Mac OS X 10_15_7) AppleWebKit/537.36 (KHTML, like Gecko) Chrome/149.0.0.0 Safari/537.36',NULL,'2026-07-05 23:57:43','2026-07-05 23:57:43'),(60,'App\\Models\\User',2,'created','App\\Models\\Asset',55,'[]','{\"site_id\":1,\"id\":55}','http://localhost:8000/assets/import-bulk','127.0.0.1','Mozilla/5.0 (Macintosh; Intel Mac OS X 10_15_7) AppleWebKit/537.36 (KHTML, like Gecko) Chrome/149.0.0.0 Safari/537.36',NULL,'2026-07-05 23:57:43','2026-07-05 23:57:43'),(61,'App\\Models\\User',2,'created','App\\Models\\Asset',56,'[]','{\"site_id\":1,\"id\":56}','http://localhost:8000/assets/import-bulk','127.0.0.1','Mozilla/5.0 (Macintosh; Intel Mac OS X 10_15_7) AppleWebKit/537.36 (KHTML, like Gecko) Chrome/149.0.0.0 Safari/537.36',NULL,'2026-07-05 23:57:43','2026-07-05 23:57:43'),(62,'App\\Models\\User',2,'created','App\\Models\\Asset',57,'[]','{\"site_id\":1,\"id\":57}','http://localhost:8000/assets/import-bulk','127.0.0.1','Mozilla/5.0 (Macintosh; Intel Mac OS X 10_15_7) AppleWebKit/537.36 (KHTML, like Gecko) Chrome/149.0.0.0 Safari/537.36',NULL,'2026-07-05 23:57:43','2026-07-05 23:57:43'),(63,'App\\Models\\User',2,'created','App\\Models\\Asset',58,'[]','{\"site_id\":1,\"id\":58}','http://localhost:8000/assets/import-bulk','127.0.0.1','Mozilla/5.0 (Macintosh; Intel Mac OS X 10_15_7) AppleWebKit/537.36 (KHTML, like Gecko) Chrome/149.0.0.0 Safari/537.36',NULL,'2026-07-05 23:57:43','2026-07-05 23:57:43'),(64,'App\\Models\\User',2,'created','App\\Models\\Asset',59,'[]','{\"site_id\":1,\"id\":59}','http://localhost:8000/assets/import-bulk','127.0.0.1','Mozilla/5.0 (Macintosh; Intel Mac OS X 10_15_7) AppleWebKit/537.36 (KHTML, like Gecko) Chrome/149.0.0.0 Safari/537.36',NULL,'2026-07-05 23:57:43','2026-07-05 23:57:43'),(65,'App\\Models\\User',2,'created','App\\Models\\Asset',60,'[]','{\"site_id\":1,\"id\":60}','http://localhost:8000/assets/import-bulk','127.0.0.1','Mozilla/5.0 (Macintosh; Intel Mac OS X 10_15_7) AppleWebKit/537.36 (KHTML, like Gecko) Chrome/149.0.0.0 Safari/537.36',NULL,'2026-07-05 23:57:43','2026-07-05 23:57:43'),(66,'App\\Models\\User',2,'created','App\\Models\\Asset',61,'[]','{\"site_id\":1,\"id\":61}','http://localhost:8000/assets/import-bulk','127.0.0.1','Mozilla/5.0 (Macintosh; Intel Mac OS X 10_15_7) AppleWebKit/537.36 (KHTML, like Gecko) Chrome/149.0.0.0 Safari/537.36',NULL,'2026-07-05 23:57:43','2026-07-05 23:57:43'),(67,'App\\Models\\User',2,'created','App\\Models\\Asset',62,'[]','{\"site_id\":1,\"id\":62}','http://localhost:8000/assets/import-bulk','127.0.0.1','Mozilla/5.0 (Macintosh; Intel Mac OS X 10_15_7) AppleWebKit/537.36 (KHTML, like Gecko) Chrome/149.0.0.0 Safari/537.36',NULL,'2026-07-05 23:57:43','2026-07-05 23:57:43'),(68,'App\\Models\\User',2,'created','App\\Models\\Asset',63,'[]','{\"site_id\":1,\"id\":63}','http://localhost:8000/assets/import-bulk','127.0.0.1','Mozilla/5.0 (Macintosh; Intel Mac OS X 10_15_7) AppleWebKit/537.36 (KHTML, like Gecko) Chrome/149.0.0.0 Safari/537.36',NULL,'2026-07-05 23:57:43','2026-07-05 23:57:43'),(69,'App\\Models\\User',2,'created','App\\Models\\Asset',64,'[]','{\"site_id\":1,\"id\":64}','http://localhost:8000/assets/import-bulk','127.0.0.1','Mozilla/5.0 (Macintosh; Intel Mac OS X 10_15_7) AppleWebKit/537.36 (KHTML, like Gecko) Chrome/149.0.0.0 Safari/537.36',NULL,'2026-07-05 23:57:43','2026-07-05 23:57:43'),(70,'App\\Models\\User',2,'created','App\\Models\\Asset',65,'[]','{\"site_id\":1,\"id\":65}','http://localhost:8000/assets/import-bulk','127.0.0.1','Mozilla/5.0 (Macintosh; Intel Mac OS X 10_15_7) AppleWebKit/537.36 (KHTML, like Gecko) Chrome/149.0.0.0 Safari/537.36',NULL,'2026-07-05 23:57:43','2026-07-05 23:57:43'),(71,'App\\Models\\User',2,'created','App\\Models\\Asset',66,'[]','{\"site_id\":1,\"id\":66}','http://localhost:8000/assets/import-bulk','127.0.0.1','Mozilla/5.0 (Macintosh; Intel Mac OS X 10_15_7) AppleWebKit/537.36 (KHTML, like Gecko) Chrome/149.0.0.0 Safari/537.36',NULL,'2026-07-05 23:57:43','2026-07-05 23:57:43'),(72,'App\\Models\\User',2,'created','App\\Models\\Asset',67,'[]','{\"site_id\":1,\"id\":67}','http://localhost:8000/assets/import-bulk','127.0.0.1','Mozilla/5.0 (Macintosh; Intel Mac OS X 10_15_7) AppleWebKit/537.36 (KHTML, like Gecko) Chrome/149.0.0.0 Safari/537.36',NULL,'2026-07-05 23:57:43','2026-07-05 23:57:43'),(73,'App\\Models\\User',2,'created','App\\Models\\Asset',68,'[]','{\"site_id\":1,\"id\":68}','http://localhost:8000/assets/import-bulk','127.0.0.1','Mozilla/5.0 (Macintosh; Intel Mac OS X 10_15_7) AppleWebKit/537.36 (KHTML, like Gecko) Chrome/149.0.0.0 Safari/537.36',NULL,'2026-07-05 23:57:43','2026-07-05 23:57:43'),(74,'App\\Models\\User',2,'created','App\\Models\\Asset',69,'[]','{\"site_id\":1,\"id\":69}','http://localhost:8000/assets/import-bulk','127.0.0.1','Mozilla/5.0 (Macintosh; Intel Mac OS X 10_15_7) AppleWebKit/537.36 (KHTML, like Gecko) Chrome/149.0.0.0 Safari/537.36',NULL,'2026-07-05 23:57:43','2026-07-05 23:57:43'),(75,'App\\Models\\User',2,'created','App\\Models\\Asset',70,'[]','{\"site_id\":1,\"id\":70}','http://localhost:8000/assets/import-bulk','127.0.0.1','Mozilla/5.0 (Macintosh; Intel Mac OS X 10_15_7) AppleWebKit/537.36 (KHTML, like Gecko) Chrome/149.0.0.0 Safari/537.36',NULL,'2026-07-05 23:57:43','2026-07-05 23:57:43'),(76,'App\\Models\\User',2,'created','App\\Models\\Asset',71,'[]','{\"site_id\":1,\"id\":71}','http://localhost:8000/assets/import-bulk','127.0.0.1','Mozilla/5.0 (Macintosh; Intel Mac OS X 10_15_7) AppleWebKit/537.36 (KHTML, like Gecko) Chrome/149.0.0.0 Safari/537.36',NULL,'2026-07-05 23:57:43','2026-07-05 23:57:43'),(77,'App\\Models\\User',2,'created','App\\Models\\Asset',72,'[]','{\"site_id\":1,\"id\":72}','http://localhost:8000/assets/import-bulk','127.0.0.1','Mozilla/5.0 (Macintosh; Intel Mac OS X 10_15_7) AppleWebKit/537.36 (KHTML, like Gecko) Chrome/149.0.0.0 Safari/537.36',NULL,'2026-07-05 23:57:43','2026-07-05 23:57:43'),(78,'App\\Models\\User',2,'created','App\\Models\\Asset',73,'[]','{\"site_id\":1,\"id\":73}','http://localhost:8000/assets/import-bulk','127.0.0.1','Mozilla/5.0 (Macintosh; Intel Mac OS X 10_15_7) AppleWebKit/537.36 (KHTML, like Gecko) Chrome/149.0.0.0 Safari/537.36',NULL,'2026-07-05 23:57:43','2026-07-05 23:57:43'),(79,'App\\Models\\User',2,'created','App\\Models\\Asset',74,'[]','{\"site_id\":1,\"id\":74}','http://localhost:8000/assets/import-bulk','127.0.0.1','Mozilla/5.0 (Macintosh; Intel Mac OS X 10_15_7) AppleWebKit/537.36 (KHTML, like Gecko) Chrome/149.0.0.0 Safari/537.36',NULL,'2026-07-05 23:57:43','2026-07-05 23:57:43'),(80,'App\\Models\\User',2,'created','App\\Models\\Asset',75,'[]','{\"site_id\":1,\"id\":75}','http://localhost:8000/assets/import-bulk','127.0.0.1','Mozilla/5.0 (Macintosh; Intel Mac OS X 10_15_7) AppleWebKit/537.36 (KHTML, like Gecko) Chrome/149.0.0.0 Safari/537.36',NULL,'2026-07-05 23:57:43','2026-07-05 23:57:43'),(81,'App\\Models\\User',2,'created','App\\Models\\Asset',76,'[]','{\"site_id\":1,\"id\":76}','http://localhost:8000/assets/import-bulk','127.0.0.1','Mozilla/5.0 (Macintosh; Intel Mac OS X 10_15_7) AppleWebKit/537.36 (KHTML, like Gecko) Chrome/149.0.0.0 Safari/537.36',NULL,'2026-07-05 23:57:43','2026-07-05 23:57:43'),(82,'App\\Models\\User',2,'created','App\\Models\\Asset',77,'[]','{\"site_id\":1,\"id\":77}','http://localhost:8000/assets/import-bulk','127.0.0.1','Mozilla/5.0 (Macintosh; Intel Mac OS X 10_15_7) AppleWebKit/537.36 (KHTML, like Gecko) Chrome/149.0.0.0 Safari/537.36',NULL,'2026-07-05 23:57:43','2026-07-05 23:57:43'),(83,'App\\Models\\User',2,'created','App\\Models\\Asset',78,'[]','{\"site_id\":1,\"id\":78}','http://localhost:8000/assets/import-bulk','127.0.0.1','Mozilla/5.0 (Macintosh; Intel Mac OS X 10_15_7) AppleWebKit/537.36 (KHTML, like Gecko) Chrome/149.0.0.0 Safari/537.36',NULL,'2026-07-05 23:57:43','2026-07-05 23:57:43'),(84,'App\\Models\\User',2,'created','App\\Models\\Asset',79,'[]','{\"site_id\":1,\"id\":79}','http://localhost:8000/assets/import-bulk','127.0.0.1','Mozilla/5.0 (Macintosh; Intel Mac OS X 10_15_7) AppleWebKit/537.36 (KHTML, like Gecko) Chrome/149.0.0.0 Safari/537.36',NULL,'2026-07-05 23:57:43','2026-07-05 23:57:43'),(85,'App\\Models\\User',2,'created','App\\Models\\Asset',80,'[]','{\"site_id\":1,\"id\":80}','http://localhost:8000/assets/import-bulk','127.0.0.1','Mozilla/5.0 (Macintosh; Intel Mac OS X 10_15_7) AppleWebKit/537.36 (KHTML, like Gecko) Chrome/149.0.0.0 Safari/537.36',NULL,'2026-07-05 23:57:43','2026-07-05 23:57:43'),(86,'App\\Models\\User',2,'created','App\\Models\\Asset',81,'[]','{\"site_id\":1,\"id\":81}','http://localhost:8000/assets/import-bulk','127.0.0.1','Mozilla/5.0 (Macintosh; Intel Mac OS X 10_15_7) AppleWebKit/537.36 (KHTML, like Gecko) Chrome/149.0.0.0 Safari/537.36',NULL,'2026-07-05 23:57:43','2026-07-05 23:57:43'),(87,'App\\Models\\User',2,'created','App\\Models\\Asset',82,'[]','{\"site_id\":1,\"id\":82}','http://localhost:8000/assets/import-bulk','127.0.0.1','Mozilla/5.0 (Macintosh; Intel Mac OS X 10_15_7) AppleWebKit/537.36 (KHTML, like Gecko) Chrome/149.0.0.0 Safari/537.36',NULL,'2026-07-05 23:57:43','2026-07-05 23:57:43'),(88,'App\\Models\\User',2,'created','App\\Models\\Asset',83,'[]','{\"site_id\":1,\"id\":83}','http://localhost:8000/assets/import-bulk','127.0.0.1','Mozilla/5.0 (Macintosh; Intel Mac OS X 10_15_7) AppleWebKit/537.36 (KHTML, like Gecko) Chrome/149.0.0.0 Safari/537.36',NULL,'2026-07-05 23:57:43','2026-07-05 23:57:43'),(89,'App\\Models\\User',2,'created','App\\Models\\Asset',84,'[]','{\"site_id\":1,\"id\":84}','http://localhost:8000/assets/import-bulk','127.0.0.1','Mozilla/5.0 (Macintosh; Intel Mac OS X 10_15_7) AppleWebKit/537.36 (KHTML, like Gecko) Chrome/149.0.0.0 Safari/537.36',NULL,'2026-07-05 23:57:43','2026-07-05 23:57:43'),(90,'App\\Models\\User',2,'created','App\\Models\\Asset',85,'[]','{\"site_id\":1,\"id\":85}','http://localhost:8000/assets/import-bulk','127.0.0.1','Mozilla/5.0 (Macintosh; Intel Mac OS X 10_15_7) AppleWebKit/537.36 (KHTML, like Gecko) Chrome/149.0.0.0 Safari/537.36',NULL,'2026-07-05 23:57:43','2026-07-05 23:57:43'),(91,'App\\Models\\User',2,'created','App\\Models\\Asset',86,'[]','{\"site_id\":1,\"id\":86}','http://localhost:8000/assets/import-bulk','127.0.0.1','Mozilla/5.0 (Macintosh; Intel Mac OS X 10_15_7) AppleWebKit/537.36 (KHTML, like Gecko) Chrome/149.0.0.0 Safari/537.36',NULL,'2026-07-05 23:57:43','2026-07-05 23:57:43'),(92,'App\\Models\\User',2,'created','App\\Models\\Asset',87,'[]','{\"site_id\":1,\"id\":87}','http://localhost:8000/assets/import-bulk','127.0.0.1','Mozilla/5.0 (Macintosh; Intel Mac OS X 10_15_7) AppleWebKit/537.36 (KHTML, like Gecko) Chrome/149.0.0.0 Safari/537.36',NULL,'2026-07-05 23:57:43','2026-07-05 23:57:43'),(93,'App\\Models\\User',2,'created','App\\Models\\Asset',88,'[]','{\"site_id\":1,\"id\":88}','http://localhost:8000/assets/import-bulk','127.0.0.1','Mozilla/5.0 (Macintosh; Intel Mac OS X 10_15_7) AppleWebKit/537.36 (KHTML, like Gecko) Chrome/149.0.0.0 Safari/537.36',NULL,'2026-07-05 23:57:43','2026-07-05 23:57:43'),(94,'App\\Models\\User',2,'created','App\\Models\\Asset',89,'[]','{\"site_id\":1,\"id\":89}','http://localhost:8000/assets/import-bulk','127.0.0.1','Mozilla/5.0 (Macintosh; Intel Mac OS X 10_15_7) AppleWebKit/537.36 (KHTML, like Gecko) Chrome/149.0.0.0 Safari/537.36',NULL,'2026-07-05 23:57:43','2026-07-05 23:57:43'),(95,'App\\Models\\User',2,'created','App\\Models\\Asset',90,'[]','{\"site_id\":1,\"id\":90}','http://localhost:8000/assets/import-bulk','127.0.0.1','Mozilla/5.0 (Macintosh; Intel Mac OS X 10_15_7) AppleWebKit/537.36 (KHTML, like Gecko) Chrome/149.0.0.0 Safari/537.36',NULL,'2026-07-05 23:57:43','2026-07-05 23:57:43'),(96,'App\\Models\\User',2,'created','App\\Models\\Asset',91,'[]','{\"site_id\":1,\"id\":91}','http://localhost:8000/assets/import-bulk','127.0.0.1','Mozilla/5.0 (Macintosh; Intel Mac OS X 10_15_7) AppleWebKit/537.36 (KHTML, like Gecko) Chrome/149.0.0.0 Safari/537.36',NULL,'2026-07-05 23:57:43','2026-07-05 23:57:43'),(97,'App\\Models\\User',2,'created','App\\Models\\Asset',92,'[]','{\"site_id\":1,\"id\":92}','http://localhost:8000/assets/import-bulk','127.0.0.1','Mozilla/5.0 (Macintosh; Intel Mac OS X 10_15_7) AppleWebKit/537.36 (KHTML, like Gecko) Chrome/149.0.0.0 Safari/537.36',NULL,'2026-07-05 23:57:43','2026-07-05 23:57:43'),(98,'App\\Models\\User',2,'created','App\\Models\\Asset',93,'[]','{\"site_id\":1,\"id\":93}','http://localhost:8000/assets/import-bulk','127.0.0.1','Mozilla/5.0 (Macintosh; Intel Mac OS X 10_15_7) AppleWebKit/537.36 (KHTML, like Gecko) Chrome/149.0.0.0 Safari/537.36',NULL,'2026-07-05 23:57:43','2026-07-05 23:57:43'),(99,'App\\Models\\User',2,'created','App\\Models\\Asset',94,'[]','{\"site_id\":1,\"id\":94}','http://localhost:8000/assets/import-bulk','127.0.0.1','Mozilla/5.0 (Macintosh; Intel Mac OS X 10_15_7) AppleWebKit/537.36 (KHTML, like Gecko) Chrome/149.0.0.0 Safari/537.36',NULL,'2026-07-05 23:57:43','2026-07-05 23:57:43'),(100,'App\\Models\\User',2,'created','App\\Models\\Asset',95,'[]','{\"site_id\":3,\"id\":95}','http://localhost:8000/assets/import-bulk','127.0.0.1','Mozilla/5.0 (Macintosh; Intel Mac OS X 10_15_7) AppleWebKit/537.36 (KHTML, like Gecko) Chrome/149.0.0.0 Safari/537.36',NULL,'2026-07-05 23:58:20','2026-07-05 23:58:20'),(101,'App\\Models\\User',2,'created','App\\Models\\Asset',96,'[]','{\"site_id\":3,\"id\":96}','http://localhost:8000/assets/import-bulk','127.0.0.1','Mozilla/5.0 (Macintosh; Intel Mac OS X 10_15_7) AppleWebKit/537.36 (KHTML, like Gecko) Chrome/149.0.0.0 Safari/537.36',NULL,'2026-07-05 23:58:20','2026-07-05 23:58:20'),(102,'App\\Models\\User',2,'created','App\\Models\\Asset',97,'[]','{\"site_id\":3,\"id\":97}','http://localhost:8000/assets/import-bulk','127.0.0.1','Mozilla/5.0 (Macintosh; Intel Mac OS X 10_15_7) AppleWebKit/537.36 (KHTML, like Gecko) Chrome/149.0.0.0 Safari/537.36',NULL,'2026-07-05 23:58:20','2026-07-05 23:58:20'),(103,'App\\Models\\User',2,'created','App\\Models\\Asset',98,'[]','{\"site_id\":3,\"id\":98}','http://localhost:8000/assets/import-bulk','127.0.0.1','Mozilla/5.0 (Macintosh; Intel Mac OS X 10_15_7) AppleWebKit/537.36 (KHTML, like Gecko) Chrome/149.0.0.0 Safari/537.36',NULL,'2026-07-05 23:58:20','2026-07-05 23:58:20'),(104,'App\\Models\\User',2,'created','App\\Models\\Asset',99,'[]','{\"site_id\":3,\"id\":99}','http://localhost:8000/assets/import-bulk','127.0.0.1','Mozilla/5.0 (Macintosh; Intel Mac OS X 10_15_7) AppleWebKit/537.36 (KHTML, like Gecko) Chrome/149.0.0.0 Safari/537.36',NULL,'2026-07-05 23:58:20','2026-07-05 23:58:20'),(105,'App\\Models\\User',2,'created','App\\Models\\Asset',100,'[]','{\"site_id\":3,\"id\":100}','http://localhost:8000/assets/import-bulk','127.0.0.1','Mozilla/5.0 (Macintosh; Intel Mac OS X 10_15_7) AppleWebKit/537.36 (KHTML, like Gecko) Chrome/149.0.0.0 Safari/537.36',NULL,'2026-07-05 23:58:20','2026-07-05 23:58:20'),(106,'App\\Models\\User',2,'created','App\\Models\\Asset',101,'[]','{\"site_id\":3,\"id\":101}','http://localhost:8000/assets/import-bulk','127.0.0.1','Mozilla/5.0 (Macintosh; Intel Mac OS X 10_15_7) AppleWebKit/537.36 (KHTML, like Gecko) Chrome/149.0.0.0 Safari/537.36',NULL,'2026-07-05 23:58:20','2026-07-05 23:58:20'),(107,'App\\Models\\User',2,'created','App\\Models\\Asset',102,'[]','{\"site_id\":3,\"id\":102}','http://localhost:8000/assets/import-bulk','127.0.0.1','Mozilla/5.0 (Macintosh; Intel Mac OS X 10_15_7) AppleWebKit/537.36 (KHTML, like Gecko) Chrome/149.0.0.0 Safari/537.36',NULL,'2026-07-05 23:58:20','2026-07-05 23:58:20'),(108,'App\\Models\\User',2,'created','App\\Models\\Asset',103,'[]','{\"site_id\":3,\"id\":103}','http://localhost:8000/assets/import-bulk','127.0.0.1','Mozilla/5.0 (Macintosh; Intel Mac OS X 10_15_7) AppleWebKit/537.36 (KHTML, like Gecko) Chrome/149.0.0.0 Safari/537.36',NULL,'2026-07-05 23:58:20','2026-07-05 23:58:20'),(109,'App\\Models\\User',2,'created','App\\Models\\Asset',104,'[]','{\"site_id\":3,\"id\":104}','http://localhost:8000/assets/import-bulk','127.0.0.1','Mozilla/5.0 (Macintosh; Intel Mac OS X 10_15_7) AppleWebKit/537.36 (KHTML, like Gecko) Chrome/149.0.0.0 Safari/537.36',NULL,'2026-07-05 23:58:20','2026-07-05 23:58:20'),(110,'App\\Models\\User',2,'created','App\\Models\\Asset',105,'[]','{\"site_id\":2,\"id\":105}','http://localhost:8000/assets/import-bulk','127.0.0.1','Mozilla/5.0 (Macintosh; Intel Mac OS X 10_15_7) AppleWebKit/537.36 (KHTML, like Gecko) Chrome/149.0.0.0 Safari/537.36',NULL,'2026-07-05 23:58:41','2026-07-05 23:58:41'),(111,'App\\Models\\User',2,'created','App\\Models\\Asset',106,'[]','{\"site_id\":2,\"id\":106}','http://localhost:8000/assets/import-bulk','127.0.0.1','Mozilla/5.0 (Macintosh; Intel Mac OS X 10_15_7) AppleWebKit/537.36 (KHTML, like Gecko) Chrome/149.0.0.0 Safari/537.36',NULL,'2026-07-05 23:58:41','2026-07-05 23:58:41'),(112,'App\\Models\\User',2,'created','App\\Models\\Asset',107,'[]','{\"site_id\":2,\"id\":107}','http://localhost:8000/assets/import-bulk','127.0.0.1','Mozilla/5.0 (Macintosh; Intel Mac OS X 10_15_7) AppleWebKit/537.36 (KHTML, like Gecko) Chrome/149.0.0.0 Safari/537.36',NULL,'2026-07-05 23:58:41','2026-07-05 23:58:41'),(113,'App\\Models\\User',2,'created','App\\Models\\Asset',108,'[]','{\"site_id\":2,\"id\":108}','http://localhost:8000/assets/import-bulk','127.0.0.1','Mozilla/5.0 (Macintosh; Intel Mac OS X 10_15_7) AppleWebKit/537.36 (KHTML, like Gecko) Chrome/149.0.0.0 Safari/537.36',NULL,'2026-07-05 23:58:41','2026-07-05 23:58:41'),(114,'App\\Models\\User',2,'created','App\\Models\\Asset',109,'[]','{\"site_id\":2,\"id\":109}','http://localhost:8000/assets/import-bulk','127.0.0.1','Mozilla/5.0 (Macintosh; Intel Mac OS X 10_15_7) AppleWebKit/537.36 (KHTML, like Gecko) Chrome/149.0.0.0 Safari/537.36',NULL,'2026-07-05 23:58:41','2026-07-05 23:58:41'),(115,'App\\Models\\User',2,'created','App\\Models\\Asset',110,'[]','{\"site_id\":2,\"id\":110}','http://localhost:8000/assets/import-bulk','127.0.0.1','Mozilla/5.0 (Macintosh; Intel Mac OS X 10_15_7) AppleWebKit/537.36 (KHTML, like Gecko) Chrome/149.0.0.0 Safari/537.36',NULL,'2026-07-05 23:58:41','2026-07-05 23:58:41'),(116,'App\\Models\\User',2,'created','App\\Models\\Asset',111,'[]','{\"site_id\":2,\"id\":111}','http://localhost:8000/assets/import-bulk','127.0.0.1','Mozilla/5.0 (Macintosh; Intel Mac OS X 10_15_7) AppleWebKit/537.36 (KHTML, like Gecko) Chrome/149.0.0.0 Safari/537.36',NULL,'2026-07-05 23:58:41','2026-07-05 23:58:41'),(117,'App\\Models\\User',2,'created','App\\Models\\Asset',112,'[]','{\"site_id\":2,\"id\":112}','http://localhost:8000/assets/import-bulk','127.0.0.1','Mozilla/5.0 (Macintosh; Intel Mac OS X 10_15_7) AppleWebKit/537.36 (KHTML, like Gecko) Chrome/149.0.0.0 Safari/537.36',NULL,'2026-07-05 23:58:41','2026-07-05 23:58:41'),(118,'App\\Models\\User',2,'created','App\\Models\\Asset',113,'[]','{\"site_id\":2,\"id\":113}','http://localhost:8000/assets/import-bulk','127.0.0.1','Mozilla/5.0 (Macintosh; Intel Mac OS X 10_15_7) AppleWebKit/537.36 (KHTML, like Gecko) Chrome/149.0.0.0 Safari/537.36',NULL,'2026-07-05 23:58:41','2026-07-05 23:58:41'),(119,'App\\Models\\User',2,'created','App\\Models\\Asset',114,'[]','{\"site_id\":2,\"id\":114}','http://localhost:8000/assets/import-bulk','127.0.0.1','Mozilla/5.0 (Macintosh; Intel Mac OS X 10_15_7) AppleWebKit/537.36 (KHTML, like Gecko) Chrome/149.0.0.0 Safari/537.36',NULL,'2026-07-05 23:58:41','2026-07-05 23:58:41'),(120,'App\\Models\\User',2,'login','App\\Models\\User',2,'[]','[]','http://localhost:8000/login','127.0.0.1','Mozilla/5.0 (Macintosh; Intel Mac OS X 10_15_7) AppleWebKit/537.36 (KHTML, like Gecko) Chrome/149.0.0.0 Safari/537.36',NULL,'2026-07-06 00:43:59','2026-07-06 00:43:59'),(121,'App\\Models\\User',2,'login','App\\Models\\User',2,'[]','[]','http://localhost:8000/login','127.0.0.1','Mozilla/5.0 (Macintosh; Intel Mac OS X 10_15_7) AppleWebKit/537.36 (KHTML, like Gecko) Chrome/149.0.0.0 Safari/537.36',NULL,'2026-07-06 17:03:20','2026-07-06 17:03:20'),(122,'App\\Models\\User',2,'login','App\\Models\\User',2,'[]','[]','http://localhost:8000/login','127.0.0.1','Mozilla/5.0 (Macintosh; Intel Mac OS X 10_15_7) AppleWebKit/537.36 (KHTML, like Gecko) Chrome/149.0.0.0 Safari/537.36',NULL,'2026-07-06 20:03:36','2026-07-06 20:03:36');
/*!40000 ALTER TABLE `audits` ENABLE KEYS */;
UNLOCK TABLES;

--
-- Table structure for table `cache`
--

DROP TABLE IF EXISTS `cache`;
/*!40101 SET @saved_cs_client     = @@character_set_client */;
/*!50503 SET character_set_client = utf8mb4 */;
CREATE TABLE `cache` (
  `key` varchar(255) COLLATE utf8mb4_unicode_ci NOT NULL,
  `value` mediumtext COLLATE utf8mb4_unicode_ci NOT NULL,
  `expiration` int NOT NULL,
  PRIMARY KEY (`key`),
  KEY `cache_expiration_index` (`expiration`)
) ENGINE=InnoDB DEFAULT CHARSET=utf8mb4 COLLATE=utf8mb4_unicode_ci;
/*!40101 SET character_set_client = @saved_cs_client */;

--
-- Dumping data for table `cache`
--

LOCK TABLES `cache` WRITE;
/*!40000 ALTER TABLE `cache` DISABLE KEYS */;
INSERT INTO `cache` VALUES ('laravel-cache-13ac7365185ad026981039507d4ee1f3','i:1;',1783324182),('laravel-cache-13ac7365185ad026981039507d4ee1f3:timer','i:1783324182;',1783324182),('laravel-cache-31e42ea41484b1732d1f03b699d4cfdd','i:1;',1783397076),('laravel-cache-31e42ea41484b1732d1f03b699d4cfdd:timer','i:1783397076;',1783397076),('laravel-cache-admin@nova-ams.com|127.0.0.1','i:1;',1783324182),('laravel-cache-admin@nova-ams.com|127.0.0.1:timer','i:1783324182;',1783324182),('laravel-cache-spatie.permission.cache','a:3:{s:5:\"alias\";a:4:{s:1:\"a\";s:2:\"id\";s:1:\"b\";s:4:\"name\";s:1:\"c\";s:10:\"guard_name\";s:1:\"r\";s:5:\"roles\";}s:11:\"permissions\";a:14:{i:0;a:4:{s:1:\"a\";i:1;s:1:\"b\";s:22:\"module.asset-inventory\";s:1:\"c\";s:3:\"web\";s:1:\"r\";a:4:{i:0;i:1;i:1;i:2;i:2;i:3;i:3;i:4;}}i:1;a:4:{s:1:\"a\";i:2;s:1:\"b\";s:18:\"module.master-data\";s:1:\"c\";s:3:\"web\";s:1:\"r\";a:2:{i:0;i:1;i:1;i:2;}}i:2;a:4:{s:1:\"a\";i:3;s:1:\"b\";s:17:\"module.multi-site\";s:1:\"c\";s:3:\"web\";s:1:\"r\";a:1:{i:0;i:1;}}i:3;a:4:{s:1:\"a\";i:4;s:1:\"b\";s:17:\"module.operations\";s:1:\"c\";s:3:\"web\";s:1:\"r\";a:3:{i:0;i:1;i:1;i:2;i:2;i:3;}}i:4;a:4:{s:1:\"a\";i:5;s:1:\"b\";s:14:\"module.finance\";s:1:\"c\";s:3:\"web\";s:1:\"r\";a:1:{i:0;i:1;}}i:5;a:4:{s:1:\"a\";i:6;s:1:\"b\";s:16:\"module.analytics\";s:1:\"c\";s:3:\"web\";s:1:\"r\";a:4:{i:0;i:1;i:1;i:2;i:2;i:3;i:3;i:4;}}i:6;a:4:{s:1:\"a\";i:7;s:1:\"b\";s:16:\"module.documents\";s:1:\"c\";s:3:\"web\";s:1:\"r\";a:3:{i:0;i:1;i:1;i:2;i:2;i:3;}}i:7;a:4:{s:1:\"a\";i:8;s:1:\"b\";s:15:\"module.advanced\";s:1:\"c\";s:3:\"web\";s:1:\"r\";a:1:{i:0;i:1;}}i:8;a:4:{s:1:\"a\";i:9;s:1:\"b\";s:22:\"module.system-settings\";s:1:\"c\";s:3:\"web\";s:1:\"r\";a:1:{i:0;i:1;}}i:9;a:4:{s:1:\"a\";i:10;s:1:\"b\";s:13:\"manage assets\";s:1:\"c\";s:3:\"web\";s:1:\"r\";a:2:{i:0;i:1;i:1;i:2;}}i:10;a:4:{s:1:\"a\";i:11;s:1:\"b\";s:11:\"view assets\";s:1:\"c\";s:3:\"web\";s:1:\"r\";a:4:{i:0;i:1;i:1;i:2;i:2;i:3;i:3;i:4;}}i:11;a:4:{s:1:\"a\";i:12;s:1:\"b\";s:17:\"approve transfers\";s:1:\"c\";s:3:\"web\";s:1:\"r\";a:2:{i:0;i:1;i:1;i:2;}}i:12;a:4:{s:1:\"a\";i:13;s:1:\"b\";s:12:\"manage users\";s:1:\"c\";s:3:\"web\";s:1:\"r\";a:1:{i:0;i:1;}}i:13;a:4:{s:1:\"a\";i:14;s:1:\"b\";s:12:\"manage sites\";s:1:\"c\";s:3:\"web\";s:1:\"r\";a:1:{i:0;i:1;}}}s:5:\"roles\";a:4:{i:0;a:3:{s:1:\"a\";i:1;s:1:\"b\";s:5:\"Admin\";s:1:\"c\";s:3:\"web\";}i:1;a:3:{s:1:\"a\";i:2;s:1:\"b\";s:12:\"Site Manager\";s:1:\"c\";s:3:\"web\";}i:2;a:3:{s:1:\"a\";i:3;s:1:\"b\";s:10:\"Technician\";s:1:\"c\";s:3:\"web\";}i:3;a:3:{s:1:\"a\";i:4;s:1:\"b\";s:6:\"Viewer\";s:1:\"c\";s:3:\"web\";}}}',1783410514);
/*!40000 ALTER TABLE `cache` ENABLE KEYS */;
UNLOCK TABLES;

--
-- Table structure for table `cache_locks`
--

DROP TABLE IF EXISTS `cache_locks`;
/*!40101 SET @saved_cs_client     = @@character_set_client */;
/*!50503 SET character_set_client = utf8mb4 */;
CREATE TABLE `cache_locks` (
  `key` varchar(255) COLLATE utf8mb4_unicode_ci NOT NULL,
  `owner` varchar(255) COLLATE utf8mb4_unicode_ci NOT NULL,
  `expiration` int NOT NULL,
  PRIMARY KEY (`key`),
  KEY `cache_locks_expiration_index` (`expiration`)
) ENGINE=InnoDB DEFAULT CHARSET=utf8mb4 COLLATE=utf8mb4_unicode_ci;
/*!40101 SET character_set_client = @saved_cs_client */;

--
-- Dumping data for table `cache_locks`
--

LOCK TABLES `cache_locks` WRITE;
/*!40000 ALTER TABLE `cache_locks` DISABLE KEYS */;
/*!40000 ALTER TABLE `cache_locks` ENABLE KEYS */;
UNLOCK TABLES;

--
-- Table structure for table `checkouts`
--

DROP TABLE IF EXISTS `checkouts`;
/*!40101 SET @saved_cs_client     = @@character_set_client */;
/*!50503 SET character_set_client = utf8mb4 */;
CREATE TABLE `checkouts` (
  `id` bigint unsigned NOT NULL AUTO_INCREMENT,
  `spare_part_id` bigint unsigned NOT NULL,
  `user_id` bigint unsigned NOT NULL,
  `quantity` int NOT NULL DEFAULT '1',
  `purpose` varchar(255) COLLATE utf8mb4_unicode_ci DEFAULT NULL,
  `checkout_date` date NOT NULL,
  `expected_return_date` date DEFAULT NULL,
  `actual_return_date` date DEFAULT NULL,
  `status` varchar(255) COLLATE utf8mb4_unicode_ci NOT NULL DEFAULT 'checked_out',
  `notes` text COLLATE utf8mb4_unicode_ci,
  `created_at` timestamp NULL DEFAULT NULL,
  `updated_at` timestamp NULL DEFAULT NULL,
  PRIMARY KEY (`id`),
  KEY `checkouts_spare_part_id_index` (`spare_part_id`),
  KEY `checkouts_user_id_index` (`user_id`),
  KEY `checkouts_status_index` (`status`),
  CONSTRAINT `checkouts_spare_part_id_foreign` FOREIGN KEY (`spare_part_id`) REFERENCES `spare_parts` (`id`) ON DELETE CASCADE,
  CONSTRAINT `checkouts_user_id_foreign` FOREIGN KEY (`user_id`) REFERENCES `users` (`id`) ON DELETE CASCADE
) ENGINE=InnoDB DEFAULT CHARSET=utf8mb4 COLLATE=utf8mb4_unicode_ci;
/*!40101 SET character_set_client = @saved_cs_client */;

--
-- Dumping data for table `checkouts`
--

LOCK TABLES `checkouts` WRITE;
/*!40000 ALTER TABLE `checkouts` DISABLE KEYS */;
/*!40000 ALTER TABLE `checkouts` ENABLE KEYS */;
UNLOCK TABLES;

--
-- Table structure for table `contracts`
--

DROP TABLE IF EXISTS `contracts`;
/*!40101 SET @saved_cs_client     = @@character_set_client */;
/*!50503 SET character_set_client = utf8mb4 */;
CREATE TABLE `contracts` (
  `id` bigint unsigned NOT NULL AUTO_INCREMENT,
  `vendor_id` bigint unsigned NOT NULL,
  `contract_name` varchar(255) COLLATE utf8mb4_unicode_ci NOT NULL,
  `contract_number` varchar(255) COLLATE utf8mb4_unicode_ci NOT NULL,
  `start_date` date NOT NULL,
  `end_date` date NOT NULL,
  `value` decimal(15,2) DEFAULT NULL,
  `sla_details` text COLLATE utf8mb4_unicode_ci,
  `status` enum('active','expired','terminated') COLLATE utf8mb4_unicode_ci NOT NULL DEFAULT 'active',
  `created_at` timestamp NULL DEFAULT NULL,
  `updated_at` timestamp NULL DEFAULT NULL,
  PRIMARY KEY (`id`),
  UNIQUE KEY `contracts_contract_number_unique` (`contract_number`),
  KEY `contracts_vendor_id_foreign` (`vendor_id`),
  CONSTRAINT `contracts_vendor_id_foreign` FOREIGN KEY (`vendor_id`) REFERENCES `vendors` (`id`) ON DELETE CASCADE
) ENGINE=InnoDB DEFAULT CHARSET=utf8mb4 COLLATE=utf8mb4_unicode_ci;
/*!40101 SET character_set_client = @saved_cs_client */;

--
-- Dumping data for table `contracts`
--

LOCK TABLES `contracts` WRITE;
/*!40000 ALTER TABLE `contracts` DISABLE KEYS */;
/*!40000 ALTER TABLE `contracts` ENABLE KEYS */;
UNLOCK TABLES;

--
-- Table structure for table `custom_fields`
--

DROP TABLE IF EXISTS `custom_fields`;
/*!40101 SET @saved_cs_client     = @@character_set_client */;
/*!50503 SET character_set_client = utf8mb4 */;
CREATE TABLE `custom_fields` (
  `id` bigint unsigned NOT NULL AUTO_INCREMENT,
  `name` varchar(255) COLLATE utf8mb4_unicode_ci NOT NULL,
  `field_type` varchar(255) COLLATE utf8mb4_unicode_ci NOT NULL DEFAULT 'text',
  `default_value` varchar(255) COLLATE utf8mb4_unicode_ci DEFAULT NULL,
  `created_at` timestamp NULL DEFAULT NULL,
  `updated_at` timestamp NULL DEFAULT NULL,
  PRIMARY KEY (`id`)
) ENGINE=InnoDB DEFAULT CHARSET=utf8mb4 COLLATE=utf8mb4_unicode_ci;
/*!40101 SET character_set_client = @saved_cs_client */;

--
-- Dumping data for table `custom_fields`
--

LOCK TABLES `custom_fields` WRITE;
/*!40000 ALTER TABLE `custom_fields` DISABLE KEYS */;
/*!40000 ALTER TABLE `custom_fields` ENABLE KEYS */;
UNLOCK TABLES;

--
-- Table structure for table `custom_master_data_columns`
--

DROP TABLE IF EXISTS `custom_master_data_columns`;
/*!40101 SET @saved_cs_client     = @@character_set_client */;
/*!50503 SET character_set_client = utf8mb4 */;
CREATE TABLE `custom_master_data_columns` (
  `id` bigint unsigned NOT NULL AUTO_INCREMENT,
  `custom_master_data_type_id` bigint unsigned NOT NULL,
  `name` varchar(255) COLLATE utf8mb4_unicode_ci NOT NULL,
  `slug` varchar(255) COLLATE utf8mb4_unicode_ci NOT NULL,
  `data_type` varchar(255) COLLATE utf8mb4_unicode_ci NOT NULL DEFAULT 'text',
  `is_required` tinyint(1) NOT NULL DEFAULT '0',
  `sort_order` int NOT NULL DEFAULT '0',
  `options` json DEFAULT NULL,
  `created_at` timestamp NULL DEFAULT NULL,
  `updated_at` timestamp NULL DEFAULT NULL,
  PRIMARY KEY (`id`),
  KEY `custom_master_data_columns_custom_master_data_type_id_foreign` (`custom_master_data_type_id`),
  CONSTRAINT `custom_master_data_columns_custom_master_data_type_id_foreign` FOREIGN KEY (`custom_master_data_type_id`) REFERENCES `custom_master_data_types` (`id`) ON DELETE CASCADE
) ENGINE=InnoDB DEFAULT CHARSET=utf8mb4 COLLATE=utf8mb4_unicode_ci;
/*!40101 SET character_set_client = @saved_cs_client */;

--
-- Dumping data for table `custom_master_data_columns`
--

LOCK TABLES `custom_master_data_columns` WRITE;
/*!40000 ALTER TABLE `custom_master_data_columns` DISABLE KEYS */;
/*!40000 ALTER TABLE `custom_master_data_columns` ENABLE KEYS */;
UNLOCK TABLES;

--
-- Table structure for table `custom_master_data_types`
--

DROP TABLE IF EXISTS `custom_master_data_types`;
/*!40101 SET @saved_cs_client     = @@character_set_client */;
/*!50503 SET character_set_client = utf8mb4 */;
CREATE TABLE `custom_master_data_types` (
  `id` bigint unsigned NOT NULL AUTO_INCREMENT,
  `name` varchar(255) COLLATE utf8mb4_unicode_ci NOT NULL,
  `slug` varchar(255) COLLATE utf8mb4_unicode_ci NOT NULL,
  `description` text COLLATE utf8mb4_unicode_ci,
  `created_at` timestamp NULL DEFAULT NULL,
  `updated_at` timestamp NULL DEFAULT NULL,
  PRIMARY KEY (`id`),
  UNIQUE KEY `custom_master_data_types_slug_unique` (`slug`)
) ENGINE=InnoDB DEFAULT CHARSET=utf8mb4 COLLATE=utf8mb4_unicode_ci;
/*!40101 SET character_set_client = @saved_cs_client */;

--
-- Dumping data for table `custom_master_data_types`
--

LOCK TABLES `custom_master_data_types` WRITE;
/*!40000 ALTER TABLE `custom_master_data_types` DISABLE KEYS */;
/*!40000 ALTER TABLE `custom_master_data_types` ENABLE KEYS */;
UNLOCK TABLES;

--
-- Table structure for table `custom_master_data_values`
--

DROP TABLE IF EXISTS `custom_master_data_values`;
/*!40101 SET @saved_cs_client     = @@character_set_client */;
/*!50503 SET character_set_client = utf8mb4 */;
CREATE TABLE `custom_master_data_values` (
  `id` bigint unsigned NOT NULL AUTO_INCREMENT,
  `custom_master_data_type_id` bigint unsigned NOT NULL,
  `data` json DEFAULT NULL,
  `created_at` timestamp NULL DEFAULT NULL,
  `updated_at` timestamp NULL DEFAULT NULL,
  PRIMARY KEY (`id`),
  UNIQUE KEY `cmd_type_value_unique` (`custom_master_data_type_id`),
  CONSTRAINT `custom_master_data_values_custom_master_data_type_id_foreign` FOREIGN KEY (`custom_master_data_type_id`) REFERENCES `custom_master_data_types` (`id`) ON DELETE CASCADE
) ENGINE=InnoDB DEFAULT CHARSET=utf8mb4 COLLATE=utf8mb4_unicode_ci;
/*!40101 SET character_set_client = @saved_cs_client */;

--
-- Dumping data for table `custom_master_data_values`
--

LOCK TABLES `custom_master_data_values` WRITE;
/*!40000 ALTER TABLE `custom_master_data_values` DISABLE KEYS */;
/*!40000 ALTER TABLE `custom_master_data_values` ENABLE KEYS */;
UNLOCK TABLES;

--
-- Table structure for table `departments`
--

DROP TABLE IF EXISTS `departments`;
/*!40101 SET @saved_cs_client     = @@character_set_client */;
/*!50503 SET character_set_client = utf8mb4 */;
CREATE TABLE `departments` (
  `id` bigint unsigned NOT NULL AUTO_INCREMENT,
  `name` varchar(255) COLLATE utf8mb4_unicode_ci NOT NULL,
  `code` varchar(255) COLLATE utf8mb4_unicode_ci NOT NULL,
  `created_at` timestamp NULL DEFAULT NULL,
  `updated_at` timestamp NULL DEFAULT NULL,
  PRIMARY KEY (`id`),
  UNIQUE KEY `departments_code_unique` (`code`)
) ENGINE=InnoDB DEFAULT CHARSET=utf8mb4 COLLATE=utf8mb4_unicode_ci;
/*!40101 SET character_set_client = @saved_cs_client */;

--
-- Dumping data for table `departments`
--

LOCK TABLES `departments` WRITE;
/*!40000 ALTER TABLE `departments` DISABLE KEYS */;
/*!40000 ALTER TABLE `departments` ENABLE KEYS */;
UNLOCK TABLES;

--
-- Table structure for table `documents`
--

DROP TABLE IF EXISTS `documents`;
/*!40101 SET @saved_cs_client     = @@character_set_client */;
/*!50503 SET character_set_client = utf8mb4 */;
CREATE TABLE `documents` (
  `id` bigint unsigned NOT NULL AUTO_INCREMENT,
  `documentable_type` varchar(255) COLLATE utf8mb4_unicode_ci NOT NULL,
  `documentable_id` bigint unsigned NOT NULL,
  `file_name` varchar(255) COLLATE utf8mb4_unicode_ci NOT NULL,
  `file_path` varchar(255) COLLATE utf8mb4_unicode_ci NOT NULL,
  `document_type` varchar(255) COLLATE utf8mb4_unicode_ci NOT NULL COMMENT 'Manual, Certificate, Invoice, etc.',
  `expires_at` date DEFAULT NULL COMMENT 'License/certificate renewal notifications',
  `version` varchar(255) COLLATE utf8mb4_unicode_ci NOT NULL DEFAULT '1.0',
  `created_at` timestamp NULL DEFAULT NULL,
  `updated_at` timestamp NULL DEFAULT NULL,
  PRIMARY KEY (`id`),
  KEY `documents_documentable_type_documentable_id_index` (`documentable_type`,`documentable_id`)
) ENGINE=InnoDB DEFAULT CHARSET=utf8mb4 COLLATE=utf8mb4_unicode_ci;
/*!40101 SET character_set_client = @saved_cs_client */;

--
-- Dumping data for table `documents`
--

LOCK TABLES `documents` WRITE;
/*!40000 ALTER TABLE `documents` DISABLE KEYS */;
/*!40000 ALTER TABLE `documents` ENABLE KEYS */;
UNLOCK TABLES;

--
-- Table structure for table `failed_jobs`
--

DROP TABLE IF EXISTS `failed_jobs`;
/*!40101 SET @saved_cs_client     = @@character_set_client */;
/*!50503 SET character_set_client = utf8mb4 */;
CREATE TABLE `failed_jobs` (
  `id` bigint unsigned NOT NULL AUTO_INCREMENT,
  `uuid` varchar(255) COLLATE utf8mb4_unicode_ci NOT NULL,
  `connection` text COLLATE utf8mb4_unicode_ci NOT NULL,
  `queue` text COLLATE utf8mb4_unicode_ci NOT NULL,
  `payload` longtext COLLATE utf8mb4_unicode_ci NOT NULL,
  `exception` longtext COLLATE utf8mb4_unicode_ci NOT NULL,
  `failed_at` timestamp NOT NULL DEFAULT CURRENT_TIMESTAMP,
  PRIMARY KEY (`id`),
  UNIQUE KEY `failed_jobs_uuid_unique` (`uuid`)
) ENGINE=InnoDB DEFAULT CHARSET=utf8mb4 COLLATE=utf8mb4_unicode_ci;
/*!40101 SET character_set_client = @saved_cs_client */;

--
-- Dumping data for table `failed_jobs`
--

LOCK TABLES `failed_jobs` WRITE;
/*!40000 ALTER TABLE `failed_jobs` DISABLE KEYS */;
/*!40000 ALTER TABLE `failed_jobs` ENABLE KEYS */;
UNLOCK TABLES;

--
-- Table structure for table `job_batches`
--

DROP TABLE IF EXISTS `job_batches`;
/*!40101 SET @saved_cs_client     = @@character_set_client */;
/*!50503 SET character_set_client = utf8mb4 */;
CREATE TABLE `job_batches` (
  `id` varchar(255) COLLATE utf8mb4_unicode_ci NOT NULL,
  `name` varchar(255) COLLATE utf8mb4_unicode_ci NOT NULL,
  `total_jobs` int NOT NULL,
  `pending_jobs` int NOT NULL,
  `failed_jobs` int NOT NULL,
  `failed_job_ids` longtext COLLATE utf8mb4_unicode_ci NOT NULL,
  `options` mediumtext COLLATE utf8mb4_unicode_ci,
  `cancelled_at` int DEFAULT NULL,
  `created_at` int NOT NULL,
  `finished_at` int DEFAULT NULL,
  PRIMARY KEY (`id`)
) ENGINE=InnoDB DEFAULT CHARSET=utf8mb4 COLLATE=utf8mb4_unicode_ci;
/*!40101 SET character_set_client = @saved_cs_client */;

--
-- Dumping data for table `job_batches`
--

LOCK TABLES `job_batches` WRITE;
/*!40000 ALTER TABLE `job_batches` DISABLE KEYS */;
/*!40000 ALTER TABLE `job_batches` ENABLE KEYS */;
UNLOCK TABLES;

--
-- Table structure for table `jobs`
--

DROP TABLE IF EXISTS `jobs`;
/*!40101 SET @saved_cs_client     = @@character_set_client */;
/*!50503 SET character_set_client = utf8mb4 */;
CREATE TABLE `jobs` (
  `id` bigint unsigned NOT NULL AUTO_INCREMENT,
  `queue` varchar(255) COLLATE utf8mb4_unicode_ci NOT NULL,
  `payload` longtext COLLATE utf8mb4_unicode_ci NOT NULL,
  `attempts` tinyint unsigned NOT NULL,
  `reserved_at` int unsigned DEFAULT NULL,
  `available_at` int unsigned NOT NULL,
  `created_at` int unsigned NOT NULL,
  PRIMARY KEY (`id`),
  KEY `jobs_queue_index` (`queue`)
) ENGINE=InnoDB DEFAULT CHARSET=utf8mb4 COLLATE=utf8mb4_unicode_ci;
/*!40101 SET character_set_client = @saved_cs_client */;

--
-- Dumping data for table `jobs`
--

LOCK TABLES `jobs` WRITE;
/*!40000 ALTER TABLE `jobs` DISABLE KEYS */;
/*!40000 ALTER TABLE `jobs` ENABLE KEYS */;
UNLOCK TABLES;

--
-- Table structure for table `license_assignments`
--

DROP TABLE IF EXISTS `license_assignments`;
/*!40101 SET @saved_cs_client     = @@character_set_client */;
/*!50503 SET character_set_client = utf8mb4 */;
CREATE TABLE `license_assignments` (
  `id` bigint unsigned NOT NULL AUTO_INCREMENT,
  `license_id` bigint unsigned NOT NULL,
  `license_seat_id` bigint unsigned DEFAULT NULL,
  `assigned_to_user_id` bigint unsigned DEFAULT NULL,
  `assigned_to_asset_id` bigint unsigned DEFAULT NULL,
  `assignment_type` enum('user','device','concurrent') COLLATE utf8mb4_unicode_ci NOT NULL,
  `assigned_at` timestamp NOT NULL,
  `revoked_at` timestamp NULL DEFAULT NULL,
  `assignment_notes` text COLLATE utf8mb4_unicode_ci,
  `revoked_by_user_id` bigint unsigned DEFAULT NULL,
  `created_at` timestamp NULL DEFAULT NULL,
  `updated_at` timestamp NULL DEFAULT NULL,
  PRIMARY KEY (`id`),
  KEY `license_assignments_license_seat_id_foreign` (`license_seat_id`),
  KEY `license_assignments_revoked_by_user_id_foreign` (`revoked_by_user_id`),
  KEY `license_assignments_license_id_assigned_at_index` (`license_id`,`assigned_at`),
  KEY `license_assignments_assigned_to_user_id_assigned_at_index` (`assigned_to_user_id`,`assigned_at`),
  KEY `license_assignments_assigned_to_asset_id_assigned_at_index` (`assigned_to_asset_id`,`assigned_at`),
  CONSTRAINT `license_assignments_assigned_to_asset_id_foreign` FOREIGN KEY (`assigned_to_asset_id`) REFERENCES `assets` (`id`) ON DELETE SET NULL,
  CONSTRAINT `license_assignments_assigned_to_user_id_foreign` FOREIGN KEY (`assigned_to_user_id`) REFERENCES `users` (`id`) ON DELETE SET NULL,
  CONSTRAINT `license_assignments_license_id_foreign` FOREIGN KEY (`license_id`) REFERENCES `licenses` (`id`) ON DELETE CASCADE,
  CONSTRAINT `license_assignments_license_seat_id_foreign` FOREIGN KEY (`license_seat_id`) REFERENCES `license_seats` (`id`) ON DELETE SET NULL,
  CONSTRAINT `license_assignments_revoked_by_user_id_foreign` FOREIGN KEY (`revoked_by_user_id`) REFERENCES `users` (`id`) ON DELETE SET NULL
) ENGINE=InnoDB DEFAULT CHARSET=utf8mb4 COLLATE=utf8mb4_unicode_ci;
/*!40101 SET character_set_client = @saved_cs_client */;

--
-- Dumping data for table `license_assignments`
--

LOCK TABLES `license_assignments` WRITE;
/*!40000 ALTER TABLE `license_assignments` DISABLE KEYS */;
/*!40000 ALTER TABLE `license_assignments` ENABLE KEYS */;
UNLOCK TABLES;

--
-- Table structure for table `license_renewals`
--

DROP TABLE IF EXISTS `license_renewals`;
/*!40101 SET @saved_cs_client     = @@character_set_client */;
/*!50503 SET character_set_client = utf8mb4 */;
CREATE TABLE `license_renewals` (
  `id` bigint unsigned NOT NULL AUTO_INCREMENT,
  `license_id` bigint unsigned NOT NULL,
  `previous_expiration` date NOT NULL,
  `new_expiration` date NOT NULL,
  `renewal_cost` decimal(15,2) DEFAULT NULL,
  `renewal_type` enum('automatic','manual','upgrade','downgrade') COLLATE utf8mb4_unicode_ci NOT NULL,
  `notes` text COLLATE utf8mb4_unicode_ci,
  `renewed_by_user_id` bigint unsigned DEFAULT NULL,
  `created_at` timestamp NULL DEFAULT NULL,
  `updated_at` timestamp NULL DEFAULT NULL,
  PRIMARY KEY (`id`),
  KEY `license_renewals_renewed_by_user_id_foreign` (`renewed_by_user_id`),
  KEY `license_renewals_license_id_new_expiration_index` (`license_id`,`new_expiration`),
  CONSTRAINT `license_renewals_license_id_foreign` FOREIGN KEY (`license_id`) REFERENCES `licenses` (`id`) ON DELETE CASCADE,
  CONSTRAINT `license_renewals_renewed_by_user_id_foreign` FOREIGN KEY (`renewed_by_user_id`) REFERENCES `users` (`id`) ON DELETE SET NULL
) ENGINE=InnoDB DEFAULT CHARSET=utf8mb4 COLLATE=utf8mb4_unicode_ci;
/*!40101 SET character_set_client = @saved_cs_client */;

--
-- Dumping data for table `license_renewals`
--

LOCK TABLES `license_renewals` WRITE;
/*!40000 ALTER TABLE `license_renewals` DISABLE KEYS */;
/*!40000 ALTER TABLE `license_renewals` ENABLE KEYS */;
UNLOCK TABLES;

--
-- Table structure for table `license_seats`
--

DROP TABLE IF EXISTS `license_seats`;
/*!40101 SET @saved_cs_client     = @@character_set_client */;
/*!50503 SET character_set_client = utf8mb4 */;
CREATE TABLE `license_seats` (
  `id` bigint unsigned NOT NULL AUTO_INCREMENT,
  `license_id` bigint unsigned NOT NULL,
  `seat_number` int NOT NULL,
  `seat_status` enum('available','assigned','suspended','revoked') COLLATE utf8mb4_unicode_ci NOT NULL DEFAULT 'available',
  `assignment_type` enum('user','device','concurrent') COLLATE utf8mb4_unicode_ci DEFAULT NULL,
  `assigned_to_user_id` bigint unsigned DEFAULT NULL,
  `assigned_to_asset_id` bigint unsigned DEFAULT NULL,
  `assigned_at` timestamp NULL DEFAULT NULL,
  `last_used` timestamp NULL DEFAULT NULL,
  `revoked_at` timestamp NULL DEFAULT NULL,
  `notes` text COLLATE utf8mb4_unicode_ci,
  `created_at` timestamp NULL DEFAULT NULL,
  `updated_at` timestamp NULL DEFAULT NULL,
  PRIMARY KEY (`id`),
  KEY `license_seats_license_id_foreign` (`license_id`),
  KEY `license_seats_assigned_to_user_id_foreign` (`assigned_to_user_id`),
  KEY `license_seats_assigned_to_asset_id_foreign` (`assigned_to_asset_id`),
  CONSTRAINT `license_seats_assigned_to_asset_id_foreign` FOREIGN KEY (`assigned_to_asset_id`) REFERENCES `assets` (`id`) ON DELETE SET NULL,
  CONSTRAINT `license_seats_assigned_to_user_id_foreign` FOREIGN KEY (`assigned_to_user_id`) REFERENCES `users` (`id`) ON DELETE SET NULL,
  CONSTRAINT `license_seats_license_id_foreign` FOREIGN KEY (`license_id`) REFERENCES `licenses` (`id`) ON DELETE CASCADE
) ENGINE=InnoDB DEFAULT CHARSET=utf8mb4 COLLATE=utf8mb4_unicode_ci;
/*!40101 SET character_set_client = @saved_cs_client */;

--
-- Dumping data for table `license_seats`
--

LOCK TABLES `license_seats` WRITE;
/*!40000 ALTER TABLE `license_seats` DISABLE KEYS */;
/*!40000 ALTER TABLE `license_seats` ENABLE KEYS */;
UNLOCK TABLES;

--
-- Table structure for table `license_types`
--

DROP TABLE IF EXISTS `license_types`;
/*!40101 SET @saved_cs_client     = @@character_set_client */;
/*!50503 SET character_set_client = utf8mb4 */;
CREATE TABLE `license_types` (
  `id` bigint unsigned NOT NULL AUTO_INCREMENT,
  `name` varchar(255) COLLATE utf8mb4_unicode_ci NOT NULL,
  `slug` varchar(255) COLLATE utf8mb4_unicode_ci NOT NULL,
  `description` text COLLATE utf8mb4_unicode_ci,
  `icon` varchar(255) COLLATE utf8mb4_unicode_ci DEFAULT NULL,
  `is_active` tinyint(1) NOT NULL DEFAULT '1',
  `sort_order` int NOT NULL DEFAULT '0',
  `deleted_at` timestamp NULL DEFAULT NULL,
  `created_at` timestamp NULL DEFAULT NULL,
  `updated_at` timestamp NULL DEFAULT NULL,
  PRIMARY KEY (`id`),
  UNIQUE KEY `license_types_slug_unique` (`slug`)
) ENGINE=InnoDB DEFAULT CHARSET=utf8mb4 COLLATE=utf8mb4_unicode_ci;
/*!40101 SET character_set_client = @saved_cs_client */;

--
-- Dumping data for table `license_types`
--

LOCK TABLES `license_types` WRITE;
/*!40000 ALTER TABLE `license_types` DISABLE KEYS */;
/*!40000 ALTER TABLE `license_types` ENABLE KEYS */;
UNLOCK TABLES;

--
-- Table structure for table `license_usage_logs`
--

DROP TABLE IF EXISTS `license_usage_logs`;
/*!40101 SET @saved_cs_client     = @@character_set_client */;
/*!50503 SET character_set_client = utf8mb4 */;
CREATE TABLE `license_usage_logs` (
  `id` bigint unsigned NOT NULL AUTO_INCREMENT,
  `license_id` bigint unsigned NOT NULL,
  `license_seat_id` bigint unsigned DEFAULT NULL,
  `user_id` bigint unsigned DEFAULT NULL,
  `asset_id` bigint unsigned DEFAULT NULL,
  `session_start` timestamp NOT NULL,
  `session_end` timestamp NULL DEFAULT NULL,
  `ip_address` varchar(255) COLLATE utf8mb4_unicode_ci DEFAULT NULL,
  `user_agent` varchar(255) COLLATE utf8mb4_unicode_ci DEFAULT NULL,
  `duration_minutes` int DEFAULT NULL,
  `created_at` timestamp NULL DEFAULT NULL,
  `updated_at` timestamp NULL DEFAULT NULL,
  PRIMARY KEY (`id`),
  KEY `license_usage_logs_license_seat_id_foreign` (`license_seat_id`),
  KEY `license_usage_logs_asset_id_foreign` (`asset_id`),
  KEY `license_usage_logs_license_id_session_start_index` (`license_id`,`session_start`),
  KEY `license_usage_logs_user_id_session_start_index` (`user_id`,`session_start`),
  CONSTRAINT `license_usage_logs_asset_id_foreign` FOREIGN KEY (`asset_id`) REFERENCES `assets` (`id`) ON DELETE SET NULL,
  CONSTRAINT `license_usage_logs_license_id_foreign` FOREIGN KEY (`license_id`) REFERENCES `licenses` (`id`) ON DELETE CASCADE,
  CONSTRAINT `license_usage_logs_license_seat_id_foreign` FOREIGN KEY (`license_seat_id`) REFERENCES `license_seats` (`id`) ON DELETE SET NULL,
  CONSTRAINT `license_usage_logs_user_id_foreign` FOREIGN KEY (`user_id`) REFERENCES `users` (`id`) ON DELETE SET NULL
) ENGINE=InnoDB DEFAULT CHARSET=utf8mb4 COLLATE=utf8mb4_unicode_ci;
/*!40101 SET character_set_client = @saved_cs_client */;

--
-- Dumping data for table `license_usage_logs`
--

LOCK TABLES `license_usage_logs` WRITE;
/*!40000 ALTER TABLE `license_usage_logs` DISABLE KEYS */;
/*!40000 ALTER TABLE `license_usage_logs` ENABLE KEYS */;
UNLOCK TABLES;

--
-- Table structure for table `licenses`
--

DROP TABLE IF EXISTS `licenses`;
/*!40101 SET @saved_cs_client     = @@character_set_client */;
/*!50503 SET character_set_client = utf8mb4 */;
CREATE TABLE `licenses` (
  `id` bigint unsigned NOT NULL AUTO_INCREMENT,
  `license_type_id` bigint unsigned DEFAULT NULL,
  `name` varchar(255) COLLATE utf8mb4_unicode_ci NOT NULL,
  `license_type` enum('per_user','per_device','concurrent','subscription','perpetual') COLLATE utf8mb4_unicode_ci NOT NULL DEFAULT 'perpetual',
  `pricing_model` enum('one_time','annual','monthly','quarterly') COLLATE utf8mb4_unicode_ci NOT NULL DEFAULT 'one_time',
  `total_seats` int NOT NULL DEFAULT '1',
  `used_seats` int NOT NULL DEFAULT '0',
  `available_seats` int NOT NULL DEFAULT '1',
  `product_key` text COLLATE utf8mb4_unicode_ci,
  `version` varchar(255) COLLATE utf8mb4_unicode_ci DEFAULT NULL,
  `category` varchar(255) COLLATE utf8mb4_unicode_ci DEFAULT NULL,
  `seats` int NOT NULL DEFAULT '1',
  `purchase_cost` decimal(15,2) DEFAULT NULL,
  `purchase_date` date DEFAULT NULL,
  `expiration_date` date DEFAULT NULL,
  `support_expiry` date DEFAULT NULL,
  `notification_days` int NOT NULL DEFAULT '30',
  `renewal_date` date DEFAULT NULL,
  `auto_renew` tinyint(1) NOT NULL DEFAULT '0',
  `subscription_id` varchar(255) COLLATE utf8mb4_unicode_ci DEFAULT NULL,
  `billing_cycle` enum('monthly','quarterly','annual','custom') COLLATE utf8mb4_unicode_ci DEFAULT NULL,
  `compliance_status` enum('compliant','non_compliant','expiring_soon','expired') COLLATE utf8mb4_unicode_ci NOT NULL DEFAULT 'compliant',
  `last_audit_date` date DEFAULT NULL,
  `license_email` varchar(255) COLLATE utf8mb4_unicode_ci DEFAULT NULL,
  `license_name` varchar(255) COLLATE utf8mb4_unicode_ci DEFAULT NULL,
  `vendor_id` bigint unsigned DEFAULT NULL,
  `site_id` bigint unsigned DEFAULT NULL,
  `notes` text COLLATE utf8mb4_unicode_ci,
  `delete_reason` varchar(255) COLLATE utf8mb4_unicode_ci DEFAULT NULL,
  `deleted_at` timestamp NULL DEFAULT NULL,
  `created_at` timestamp NULL DEFAULT NULL,
  `updated_at` timestamp NULL DEFAULT NULL,
  PRIMARY KEY (`id`),
  KEY `licenses_vendor_id_foreign` (`vendor_id`),
  KEY `licenses_site_id_foreign` (`site_id`),
  KEY `licenses_license_type_id_foreign` (`license_type_id`),
  CONSTRAINT `licenses_license_type_id_foreign` FOREIGN KEY (`license_type_id`) REFERENCES `license_types` (`id`) ON DELETE SET NULL,
  CONSTRAINT `licenses_site_id_foreign` FOREIGN KEY (`site_id`) REFERENCES `sites` (`id`) ON DELETE SET NULL,
  CONSTRAINT `licenses_vendor_id_foreign` FOREIGN KEY (`vendor_id`) REFERENCES `vendors` (`id`) ON DELETE SET NULL
) ENGINE=InnoDB DEFAULT CHARSET=utf8mb4 COLLATE=utf8mb4_unicode_ci;
/*!40101 SET character_set_client = @saved_cs_client */;

--
-- Dumping data for table `licenses`
--

LOCK TABLES `licenses` WRITE;
/*!40000 ALTER TABLE `licenses` DISABLE KEYS */;
/*!40000 ALTER TABLE `licenses` ENABLE KEYS */;
UNLOCK TABLES;

--
-- Table structure for table `locations`
--

DROP TABLE IF EXISTS `locations`;
/*!40101 SET @saved_cs_client     = @@character_set_client */;
/*!50503 SET character_set_client = utf8mb4 */;
CREATE TABLE `locations` (
  `id` bigint unsigned NOT NULL AUTO_INCREMENT,
  `name` varchar(255) COLLATE utf8mb4_unicode_ci NOT NULL,
  `state` varchar(255) COLLATE utf8mb4_unicode_ci DEFAULT NULL,
  `latitude` decimal(10,7) DEFAULT NULL,
  `longitude` decimal(10,7) DEFAULT NULL,
  `created_at` timestamp NULL DEFAULT NULL,
  `updated_at` timestamp NULL DEFAULT NULL,
  PRIMARY KEY (`id`)
) ENGINE=InnoDB DEFAULT CHARSET=utf8mb4 COLLATE=utf8mb4_unicode_ci;
/*!40101 SET character_set_client = @saved_cs_client */;

--
-- Dumping data for table `locations`
--

LOCK TABLES `locations` WRITE;
/*!40000 ALTER TABLE `locations` DISABLE KEYS */;
/*!40000 ALTER TABLE `locations` ENABLE KEYS */;
UNLOCK TABLES;

--
-- Table structure for table `maintenance_records`
--

DROP TABLE IF EXISTS `maintenance_records`;
/*!40101 SET @saved_cs_client     = @@character_set_client */;
/*!50503 SET character_set_client = utf8mb4 */;
CREATE TABLE `maintenance_records` (
  `id` bigint unsigned NOT NULL AUTO_INCREMENT,
  `asset_id` bigint unsigned NOT NULL,
  `work_order_id` bigint unsigned DEFAULT NULL,
  `technician_id` bigint unsigned DEFAULT NULL,
  `type` enum('preventive','corrective') COLLATE utf8mb4_unicode_ci NOT NULL,
  `action_taken` text COLLATE utf8mb4_unicode_ci NOT NULL,
  `cost` decimal(10,2) DEFAULT NULL,
  `performed_at` timestamp NOT NULL,
  `created_at` timestamp NULL DEFAULT NULL,
  `updated_at` timestamp NULL DEFAULT NULL,
  PRIMARY KEY (`id`),
  KEY `maintenance_records_asset_id_foreign` (`asset_id`),
  KEY `maintenance_records_work_order_id_foreign` (`work_order_id`),
  KEY `maintenance_records_technician_id_foreign` (`technician_id`),
  CONSTRAINT `maintenance_records_asset_id_foreign` FOREIGN KEY (`asset_id`) REFERENCES `assets` (`id`) ON DELETE CASCADE,
  CONSTRAINT `maintenance_records_technician_id_foreign` FOREIGN KEY (`technician_id`) REFERENCES `users` (`id`) ON DELETE SET NULL,
  CONSTRAINT `maintenance_records_work_order_id_foreign` FOREIGN KEY (`work_order_id`) REFERENCES `work_orders` (`id`) ON DELETE SET NULL
) ENGINE=InnoDB DEFAULT CHARSET=utf8mb4 COLLATE=utf8mb4_unicode_ci;
/*!40101 SET character_set_client = @saved_cs_client */;

--
-- Dumping data for table `maintenance_records`
--

LOCK TABLES `maintenance_records` WRITE;
/*!40000 ALTER TABLE `maintenance_records` DISABLE KEYS */;
/*!40000 ALTER TABLE `maintenance_records` ENABLE KEYS */;
UNLOCK TABLES;

--
-- Table structure for table `manufacturers`
--

DROP TABLE IF EXISTS `manufacturers`;
/*!40101 SET @saved_cs_client     = @@character_set_client */;
/*!50503 SET character_set_client = utf8mb4 */;
CREATE TABLE `manufacturers` (
  `id` bigint unsigned NOT NULL AUTO_INCREMENT,
  `name` varchar(255) COLLATE utf8mb4_unicode_ci NOT NULL,
  `support_email` varchar(255) COLLATE utf8mb4_unicode_ci DEFAULT NULL,
  `support_phone` varchar(255) COLLATE utf8mb4_unicode_ci DEFAULT NULL,
  `created_at` timestamp NULL DEFAULT NULL,
  `updated_at` timestamp NULL DEFAULT NULL,
  PRIMARY KEY (`id`)
) ENGINE=InnoDB DEFAULT CHARSET=utf8mb4 COLLATE=utf8mb4_unicode_ci;
/*!40101 SET character_set_client = @saved_cs_client */;

--
-- Dumping data for table `manufacturers`
--

LOCK TABLES `manufacturers` WRITE;
/*!40000 ALTER TABLE `manufacturers` DISABLE KEYS */;
/*!40000 ALTER TABLE `manufacturers` ENABLE KEYS */;
UNLOCK TABLES;

--
-- Table structure for table `migrations`
--

DROP TABLE IF EXISTS `migrations`;
/*!40101 SET @saved_cs_client     = @@character_set_client */;
/*!50503 SET character_set_client = utf8mb4 */;
CREATE TABLE `migrations` (
  `id` int unsigned NOT NULL AUTO_INCREMENT,
  `migration` varchar(255) COLLATE utf8mb4_unicode_ci NOT NULL,
  `batch` int NOT NULL,
  PRIMARY KEY (`id`)
) ENGINE=InnoDB AUTO_INCREMENT=65 DEFAULT CHARSET=utf8mb4 COLLATE=utf8mb4_unicode_ci;
/*!40101 SET character_set_client = @saved_cs_client */;

--
-- Dumping data for table `migrations`
--

LOCK TABLES `migrations` WRITE;
/*!40000 ALTER TABLE `migrations` DISABLE KEYS */;
INSERT INTO `migrations` VALUES (1,'0001_01_01_000000_create_users_table',1),(2,'0001_01_01_000001_create_cache_table',1),(3,'0001_01_01_000002_create_jobs_table',1),(4,'2024_07_02_000001_create_table_configurations_table',1),(5,'2025_08_14_170933_add_two_factor_columns_to_users_table',1),(6,'2026_04_30_044356_create_asset_categories_table',1),(7,'2026_04_30_044356_create_asset_types_table',1),(8,'2026_04_30_044357_a_create_locations_table',1),(9,'2026_04_30_044357_b_create_vendors_table',1),(10,'2026_04_30_044357_c_create_assets_table',1),(11,'2026_04_30_044358_create_asset_assignments_table',1),(12,'2026_04_30_044358_create_pm_schedules_table',1),(13,'2026_04_30_044358_create_work_orders_table',1),(14,'2026_05_02_072129_create_advanced_ams_tables',1),(15,'2026_05_02_143408_add_site_id_to_users_table',1),(16,'2026_05_02_143408_create_audits_table',1),(17,'2026_05_02_143409_create_permission_tables',1),(18,'2026_05_04_065601_create_support_tickets_table',1),(19,'2026_05_04_065601_create_ticket_messages_table',1),(20,'2026_05_04_071301_create_notifications_table',1),(21,'2026_05_05_032401_create_site_user_table',1),(22,'2026_05_05_071157_add_site_and_location_to_asset_assignments_table',1),(23,'2026_05_06_073417_add_coordinates_to_sites_table',1),(24,'2026_05_07_025549_update_asset_status_enums',1),(25,'2026_05_11_021102_add_deleted_at_to_models_for_recycle_bin',1),(26,'2026_05_11_070918_add_deleted_at_to_spare_parts_table',1),(27,'2026_05_13_064000_add_logo_to_vendors_and_profile_to_users',1),(28,'2026_05_15_071649_add_is_active_to_users_table',1),(29,'2026_06_09_000000_create_licenses_and_seats_tables',1),(30,'2026_06_10_085000_add_extra_asset_fields',1),(31,'2026_06_12_154000_create_manufacturers_table',1),(32,'2026_06_12_154001_create_departments_table',1),(33,'2026_06_12_154002_create_custom_fields_table',1),(34,'2026_06_12_154003_create_asset_models_table',1),(35,'2026_06_16_034000_add_site_configuration_fields_to_sites_table',1),(36,'2026_06_18_000000_enhance_licenses_for_full_management',1),(37,'2026_06_18_082301_enhance_spare_parts_table',1),(38,'2026_06_18_082357_create_checkouts_table',1),(39,'2026_06_18_084428_create_withdrawals_table',1),(40,'2026_06_19_004252_add_asset_type_id_to_spare_parts_table',1),(41,'2026_06_19_120000_create_page_permissions_table',1),(42,'2026_06_19_120001_create_user_page_permissions_table',1),(43,'2026_06_20_111038_add_soft_deletes_to_withdrawals_table',1),(44,'2026_06_20_115807_create_asset_requests_table',1),(45,'2026_06_21_140911_add_delete_reason_to_licenses_table',1),(46,'2026_06_21_141741_create_custom_master_data_types_table',1),(47,'2026_06_21_141741_create_custom_master_data_values_table',1),(48,'2026_06_21_142503_create_custom_master_data_columns_table',1),(49,'2026_06_21_142509_modify_custom_master_data_values_add_data_json',1),(50,'2026_06_22_025133_add_approval_fields_to_asset_requests_table',1),(51,'2026_06_22_065153_add_license_id_to_asset_requests',1),(52,'2026_06_23_000000_create_license_types_table',1),(53,'2026_07_02_091900_add_metadata_to_assets_table',1),(54,'2026_07_03_000000_make_assets_dynamic',1),(55,'2026_07_06_012619_add_site_id_to_table_configurations',1),(56,'2026_07_06_015604_add_site_id_to_assets',1),(57,'2026_07_06_025320_add_unique_to_table_configurations',1),(58,'2026_07_06_045355_create_asset_loans_table',1),(59,'2026_07_06_072833_add_status_to_assets_table',1),(60,'2026_07_06_114800_create_asset_statuses_table',1),(61,'2026_07_06_085241_add_loan_fields_to_asset_requests_table',2),(62,'2026_07_07_011136_add_site_id_to_withdrawals_table',3),(63,'2026_07_07_040805_simplify_vendors_table_structure',3),(64,'2026_07_07_041303_add_soft_deletes_to_vendors_table',4);
/*!40000 ALTER TABLE `migrations` ENABLE KEYS */;
UNLOCK TABLES;

--
-- Table structure for table `model_has_permissions`
--

DROP TABLE IF EXISTS `model_has_permissions`;
/*!40101 SET @saved_cs_client     = @@character_set_client */;
/*!50503 SET character_set_client = utf8mb4 */;
CREATE TABLE `model_has_permissions` (
  `permission_id` bigint unsigned NOT NULL,
  `model_type` varchar(255) COLLATE utf8mb4_unicode_ci NOT NULL,
  `model_id` bigint unsigned NOT NULL,
  PRIMARY KEY (`permission_id`,`model_id`,`model_type`),
  KEY `model_has_permissions_model_id_model_type_index` (`model_id`,`model_type`),
  CONSTRAINT `model_has_permissions_permission_id_foreign` FOREIGN KEY (`permission_id`) REFERENCES `permissions` (`id`) ON DELETE CASCADE
) ENGINE=InnoDB DEFAULT CHARSET=utf8mb4 COLLATE=utf8mb4_unicode_ci;
/*!40101 SET character_set_client = @saved_cs_client */;

--
-- Dumping data for table `model_has_permissions`
--

LOCK TABLES `model_has_permissions` WRITE;
/*!40000 ALTER TABLE `model_has_permissions` DISABLE KEYS */;
/*!40000 ALTER TABLE `model_has_permissions` ENABLE KEYS */;
UNLOCK TABLES;

--
-- Table structure for table `model_has_roles`
--

DROP TABLE IF EXISTS `model_has_roles`;
/*!40101 SET @saved_cs_client     = @@character_set_client */;
/*!50503 SET character_set_client = utf8mb4 */;
CREATE TABLE `model_has_roles` (
  `role_id` bigint unsigned NOT NULL,
  `model_type` varchar(255) COLLATE utf8mb4_unicode_ci NOT NULL,
  `model_id` bigint unsigned NOT NULL,
  PRIMARY KEY (`role_id`,`model_id`,`model_type`),
  KEY `model_has_roles_model_id_model_type_index` (`model_id`,`model_type`),
  CONSTRAINT `model_has_roles_role_id_foreign` FOREIGN KEY (`role_id`) REFERENCES `roles` (`id`) ON DELETE CASCADE
) ENGINE=InnoDB DEFAULT CHARSET=utf8mb4 COLLATE=utf8mb4_unicode_ci;
/*!40101 SET character_set_client = @saved_cs_client */;

--
-- Dumping data for table `model_has_roles`
--

LOCK TABLES `model_has_roles` WRITE;
/*!40000 ALTER TABLE `model_has_roles` DISABLE KEYS */;
INSERT INTO `model_has_roles` VALUES (1,'App\\Models\\User',1),(1,'App\\Models\\User',2);
/*!40000 ALTER TABLE `model_has_roles` ENABLE KEYS */;
UNLOCK TABLES;

--
-- Table structure for table `notifications`
--

DROP TABLE IF EXISTS `notifications`;
/*!40101 SET @saved_cs_client     = @@character_set_client */;
/*!50503 SET character_set_client = utf8mb4 */;
CREATE TABLE `notifications` (
  `id` char(36) COLLATE utf8mb4_unicode_ci NOT NULL,
  `type` varchar(255) COLLATE utf8mb4_unicode_ci NOT NULL,
  `notifiable_type` varchar(255) COLLATE utf8mb4_unicode_ci NOT NULL,
  `notifiable_id` bigint unsigned NOT NULL,
  `data` text COLLATE utf8mb4_unicode_ci NOT NULL,
  `read_at` timestamp NULL DEFAULT NULL,
  `created_at` timestamp NULL DEFAULT NULL,
  `updated_at` timestamp NULL DEFAULT NULL,
  PRIMARY KEY (`id`),
  KEY `notifications_notifiable_type_notifiable_id_index` (`notifiable_type`,`notifiable_id`)
) ENGINE=InnoDB DEFAULT CHARSET=utf8mb4 COLLATE=utf8mb4_unicode_ci;
/*!40101 SET character_set_client = @saved_cs_client */;

--
-- Dumping data for table `notifications`
--

LOCK TABLES `notifications` WRITE;
/*!40000 ALTER TABLE `notifications` DISABLE KEYS */;
/*!40000 ALTER TABLE `notifications` ENABLE KEYS */;
UNLOCK TABLES;

--
-- Table structure for table `page_permissions`
--

DROP TABLE IF EXISTS `page_permissions`;
/*!40101 SET @saved_cs_client     = @@character_set_client */;
/*!50503 SET character_set_client = utf8mb4 */;
CREATE TABLE `page_permissions` (
  `id` bigint unsigned NOT NULL AUTO_INCREMENT,
  `name` varchar(255) COLLATE utf8mb4_unicode_ci NOT NULL,
  `route` varchar(255) COLLATE utf8mb4_unicode_ci NOT NULL,
  `description` varchar(255) COLLATE utf8mb4_unicode_ci DEFAULT NULL,
  `module` varchar(255) COLLATE utf8mb4_unicode_ci DEFAULT NULL,
  `active` tinyint(1) NOT NULL DEFAULT '1',
  `created_at` timestamp NULL DEFAULT NULL,
  `updated_at` timestamp NULL DEFAULT NULL,
  PRIMARY KEY (`id`),
  UNIQUE KEY `page_permissions_name_unique` (`name`),
  KEY `page_permissions_route_index` (`route`)
) ENGINE=InnoDB DEFAULT CHARSET=utf8mb4 COLLATE=utf8mb4_unicode_ci;
/*!40101 SET character_set_client = @saved_cs_client */;

--
-- Dumping data for table `page_permissions`
--

LOCK TABLES `page_permissions` WRITE;
/*!40000 ALTER TABLE `page_permissions` DISABLE KEYS */;
/*!40000 ALTER TABLE `page_permissions` ENABLE KEYS */;
UNLOCK TABLES;

--
-- Table structure for table `password_reset_tokens`
--

DROP TABLE IF EXISTS `password_reset_tokens`;
/*!40101 SET @saved_cs_client     = @@character_set_client */;
/*!50503 SET character_set_client = utf8mb4 */;
CREATE TABLE `password_reset_tokens` (
  `email` varchar(255) COLLATE utf8mb4_unicode_ci NOT NULL,
  `token` varchar(255) COLLATE utf8mb4_unicode_ci NOT NULL,
  `created_at` timestamp NULL DEFAULT NULL,
  PRIMARY KEY (`email`)
) ENGINE=InnoDB DEFAULT CHARSET=utf8mb4 COLLATE=utf8mb4_unicode_ci;
/*!40101 SET character_set_client = @saved_cs_client */;

--
-- Dumping data for table `password_reset_tokens`
--

LOCK TABLES `password_reset_tokens` WRITE;
/*!40000 ALTER TABLE `password_reset_tokens` DISABLE KEYS */;
/*!40000 ALTER TABLE `password_reset_tokens` ENABLE KEYS */;
UNLOCK TABLES;

--
-- Table structure for table `permissions`
--

DROP TABLE IF EXISTS `permissions`;
/*!40101 SET @saved_cs_client     = @@character_set_client */;
/*!50503 SET character_set_client = utf8mb4 */;
CREATE TABLE `permissions` (
  `id` bigint unsigned NOT NULL AUTO_INCREMENT,
  `name` varchar(255) COLLATE utf8mb4_unicode_ci NOT NULL,
  `guard_name` varchar(255) COLLATE utf8mb4_unicode_ci NOT NULL,
  `created_at` timestamp NULL DEFAULT NULL,
  `updated_at` timestamp NULL DEFAULT NULL,
  PRIMARY KEY (`id`),
  UNIQUE KEY `permissions_name_guard_name_unique` (`name`,`guard_name`)
) ENGINE=InnoDB AUTO_INCREMENT=15 DEFAULT CHARSET=utf8mb4 COLLATE=utf8mb4_unicode_ci;
/*!40101 SET character_set_client = @saved_cs_client */;

--
-- Dumping data for table `permissions`
--

LOCK TABLES `permissions` WRITE;
/*!40000 ALTER TABLE `permissions` DISABLE KEYS */;
INSERT INTO `permissions` VALUES (1,'module.asset-inventory','web','2026-07-05 23:45:08','2026-07-05 23:45:08'),(2,'module.master-data','web','2026-07-05 23:45:08','2026-07-05 23:45:08'),(3,'module.multi-site','web','2026-07-05 23:45:08','2026-07-05 23:45:08'),(4,'module.operations','web','2026-07-05 23:45:08','2026-07-05 23:45:08'),(5,'module.finance','web','2026-07-05 23:45:08','2026-07-05 23:45:08'),(6,'module.analytics','web','2026-07-05 23:45:08','2026-07-05 23:45:08'),(7,'module.documents','web','2026-07-05 23:45:08','2026-07-05 23:45:08'),(8,'module.advanced','web','2026-07-05 23:45:08','2026-07-05 23:45:08'),(9,'module.system-settings','web','2026-07-05 23:45:08','2026-07-05 23:45:08'),(10,'manage assets','web','2026-07-05 23:45:08','2026-07-05 23:45:08'),(11,'view assets','web','2026-07-05 23:45:08','2026-07-05 23:45:08'),(12,'approve transfers','web','2026-07-05 23:45:08','2026-07-05 23:45:08'),(13,'manage users','web','2026-07-05 23:45:08','2026-07-05 23:45:08'),(14,'manage sites','web','2026-07-05 23:45:08','2026-07-05 23:45:08');
/*!40000 ALTER TABLE `permissions` ENABLE KEYS */;
UNLOCK TABLES;

--
-- Table structure for table `pm_schedules`
--

DROP TABLE IF EXISTS `pm_schedules`;
/*!40101 SET @saved_cs_client     = @@character_set_client */;
/*!50503 SET character_set_client = utf8mb4 */;
CREATE TABLE `pm_schedules` (
  `id` bigint unsigned NOT NULL AUTO_INCREMENT,
  `asset_id` bigint unsigned DEFAULT NULL,
  `maintenance_type` varchar(255) COLLATE utf8mb4_unicode_ci DEFAULT NULL,
  `next_due_date` date DEFAULT NULL,
  `last_performed` date DEFAULT NULL,
  `frequency_days` int DEFAULT NULL,
  `status` enum('scheduled','completed','overdue') COLLATE utf8mb4_unicode_ci NOT NULL DEFAULT 'scheduled',
  `created_at` timestamp NULL DEFAULT NULL,
  `updated_at` timestamp NULL DEFAULT NULL,
  PRIMARY KEY (`id`),
  KEY `pm_schedules_asset_id_foreign` (`asset_id`),
  CONSTRAINT `pm_schedules_asset_id_foreign` FOREIGN KEY (`asset_id`) REFERENCES `assets` (`id`) ON DELETE SET NULL
) ENGINE=InnoDB DEFAULT CHARSET=utf8mb4 COLLATE=utf8mb4_unicode_ci;
/*!40101 SET character_set_client = @saved_cs_client */;

--
-- Dumping data for table `pm_schedules`
--

LOCK TABLES `pm_schedules` WRITE;
/*!40000 ALTER TABLE `pm_schedules` DISABLE KEYS */;
/*!40000 ALTER TABLE `pm_schedules` ENABLE KEYS */;
UNLOCK TABLES;

--
-- Table structure for table `purchase_orders`
--

DROP TABLE IF EXISTS `purchase_orders`;
/*!40101 SET @saved_cs_client     = @@character_set_client */;
/*!50503 SET character_set_client = utf8mb4 */;
CREATE TABLE `purchase_orders` (
  `id` bigint unsigned NOT NULL AUTO_INCREMENT,
  `po_number` varchar(255) COLLATE utf8mb4_unicode_ci NOT NULL,
  `vendor_id` bigint unsigned NOT NULL,
  `requested_by` bigint unsigned NOT NULL,
  `total_amount` decimal(15,2) NOT NULL,
  `status` enum('draft','submitted','approved','fulfilled','cancelled') COLLATE utf8mb4_unicode_ci NOT NULL DEFAULT 'draft',
  `created_at` timestamp NULL DEFAULT NULL,
  `updated_at` timestamp NULL DEFAULT NULL,
  PRIMARY KEY (`id`),
  UNIQUE KEY `purchase_orders_po_number_unique` (`po_number`),
  KEY `purchase_orders_vendor_id_foreign` (`vendor_id`),
  KEY `purchase_orders_requested_by_foreign` (`requested_by`),
  CONSTRAINT `purchase_orders_requested_by_foreign` FOREIGN KEY (`requested_by`) REFERENCES `users` (`id`),
  CONSTRAINT `purchase_orders_vendor_id_foreign` FOREIGN KEY (`vendor_id`) REFERENCES `vendors` (`id`)
) ENGINE=InnoDB DEFAULT CHARSET=utf8mb4 COLLATE=utf8mb4_unicode_ci;
/*!40101 SET character_set_client = @saved_cs_client */;

--
-- Dumping data for table `purchase_orders`
--

LOCK TABLES `purchase_orders` WRITE;
/*!40000 ALTER TABLE `purchase_orders` DISABLE KEYS */;
/*!40000 ALTER TABLE `purchase_orders` ENABLE KEYS */;
UNLOCK TABLES;

--
-- Table structure for table `role_has_permissions`
--

DROP TABLE IF EXISTS `role_has_permissions`;
/*!40101 SET @saved_cs_client     = @@character_set_client */;
/*!50503 SET character_set_client = utf8mb4 */;
CREATE TABLE `role_has_permissions` (
  `permission_id` bigint unsigned NOT NULL,
  `role_id` bigint unsigned NOT NULL,
  PRIMARY KEY (`permission_id`,`role_id`),
  KEY `role_has_permissions_role_id_foreign` (`role_id`),
  CONSTRAINT `role_has_permissions_permission_id_foreign` FOREIGN KEY (`permission_id`) REFERENCES `permissions` (`id`) ON DELETE CASCADE,
  CONSTRAINT `role_has_permissions_role_id_foreign` FOREIGN KEY (`role_id`) REFERENCES `roles` (`id`) ON DELETE CASCADE
) ENGINE=InnoDB DEFAULT CHARSET=utf8mb4 COLLATE=utf8mb4_unicode_ci;
/*!40101 SET character_set_client = @saved_cs_client */;

--
-- Dumping data for table `role_has_permissions`
--

LOCK TABLES `role_has_permissions` WRITE;
/*!40000 ALTER TABLE `role_has_permissions` DISABLE KEYS */;
INSERT INTO `role_has_permissions` VALUES (1,1),(2,1),(3,1),(4,1),(5,1),(6,1),(7,1),(8,1),(9,1),(10,1),(11,1),(12,1),(13,1),(14,1),(1,2),(2,2),(4,2),(6,2),(7,2),(10,2),(11,2),(12,2),(1,3),(4,3),(6,3),(7,3),(11,3),(1,4),(6,4),(11,4);
/*!40000 ALTER TABLE `role_has_permissions` ENABLE KEYS */;
UNLOCK TABLES;

--
-- Table structure for table `roles`
--

DROP TABLE IF EXISTS `roles`;
/*!40101 SET @saved_cs_client     = @@character_set_client */;
/*!50503 SET character_set_client = utf8mb4 */;
CREATE TABLE `roles` (
  `id` bigint unsigned NOT NULL AUTO_INCREMENT,
  `name` varchar(255) COLLATE utf8mb4_unicode_ci NOT NULL,
  `guard_name` varchar(255) COLLATE utf8mb4_unicode_ci NOT NULL,
  `created_at` timestamp NULL DEFAULT NULL,
  `updated_at` timestamp NULL DEFAULT NULL,
  PRIMARY KEY (`id`),
  UNIQUE KEY `roles_name_guard_name_unique` (`name`,`guard_name`)
) ENGINE=InnoDB AUTO_INCREMENT=5 DEFAULT CHARSET=utf8mb4 COLLATE=utf8mb4_unicode_ci;
/*!40101 SET character_set_client = @saved_cs_client */;

--
-- Dumping data for table `roles`
--

LOCK TABLES `roles` WRITE;
/*!40000 ALTER TABLE `roles` DISABLE KEYS */;
INSERT INTO `roles` VALUES (1,'Admin','web','2026-07-05 23:45:08','2026-07-05 23:45:08'),(2,'Site Manager','web','2026-07-05 23:45:08','2026-07-05 23:45:08'),(3,'Technician','web','2026-07-05 23:45:08','2026-07-05 23:45:08'),(4,'Viewer','web','2026-07-05 23:45:08','2026-07-05 23:45:08');
/*!40000 ALTER TABLE `roles` ENABLE KEYS */;
UNLOCK TABLES;

--
-- Table structure for table `sessions`
--

DROP TABLE IF EXISTS `sessions`;
/*!40101 SET @saved_cs_client     = @@character_set_client */;
/*!50503 SET character_set_client = utf8mb4 */;
CREATE TABLE `sessions` (
  `id` varchar(255) COLLATE utf8mb4_unicode_ci NOT NULL,
  `user_id` bigint unsigned DEFAULT NULL,
  `ip_address` varchar(45) COLLATE utf8mb4_unicode_ci DEFAULT NULL,
  `user_agent` text COLLATE utf8mb4_unicode_ci,
  `payload` longtext COLLATE utf8mb4_unicode_ci NOT NULL,
  `last_activity` int NOT NULL,
  PRIMARY KEY (`id`),
  KEY `sessions_user_id_index` (`user_id`),
  KEY `sessions_last_activity_index` (`last_activity`)
) ENGINE=InnoDB DEFAULT CHARSET=utf8mb4 COLLATE=utf8mb4_unicode_ci;
/*!40101 SET character_set_client = @saved_cs_client */;

--
-- Dumping data for table `sessions`
--

LOCK TABLES `sessions` WRITE;
/*!40000 ALTER TABLE `sessions` DISABLE KEYS */;
/*!40000 ALTER TABLE `sessions` ENABLE KEYS */;
UNLOCK TABLES;

--
-- Table structure for table `site_user`
--

DROP TABLE IF EXISTS `site_user`;
/*!40101 SET @saved_cs_client     = @@character_set_client */;
/*!50503 SET character_set_client = utf8mb4 */;
CREATE TABLE `site_user` (
  `id` bigint unsigned NOT NULL AUTO_INCREMENT,
  `user_id` bigint unsigned NOT NULL,
  `site_id` bigint unsigned NOT NULL,
  `created_at` timestamp NULL DEFAULT NULL,
  `updated_at` timestamp NULL DEFAULT NULL,
  PRIMARY KEY (`id`),
  UNIQUE KEY `site_user_user_id_site_id_unique` (`user_id`,`site_id`),
  KEY `site_user_site_id_foreign` (`site_id`),
  CONSTRAINT `site_user_site_id_foreign` FOREIGN KEY (`site_id`) REFERENCES `sites` (`id`) ON DELETE CASCADE,
  CONSTRAINT `site_user_user_id_foreign` FOREIGN KEY (`user_id`) REFERENCES `users` (`id`) ON DELETE CASCADE
) ENGINE=InnoDB DEFAULT CHARSET=utf8mb4 COLLATE=utf8mb4_unicode_ci;
/*!40101 SET character_set_client = @saved_cs_client */;

--
-- Dumping data for table `site_user`
--

LOCK TABLES `site_user` WRITE;
/*!40000 ALTER TABLE `site_user` DISABLE KEYS */;
/*!40000 ALTER TABLE `site_user` ENABLE KEYS */;
UNLOCK TABLES;

--
-- Table structure for table `sites`
--

DROP TABLE IF EXISTS `sites`;
/*!40101 SET @saved_cs_client     = @@character_set_client */;
/*!50503 SET character_set_client = utf8mb4 */;
CREATE TABLE `sites` (
  `id` bigint unsigned NOT NULL AUTO_INCREMENT,
  `name` varchar(255) COLLATE utf8mb4_unicode_ci NOT NULL,
  `code` varchar(255) COLLATE utf8mb4_unicode_ci NOT NULL,
  `region` varchar(255) COLLATE utf8mb4_unicode_ci DEFAULT NULL,
  `latitude` decimal(10,7) DEFAULT NULL,
  `longitude` decimal(10,7) DEFAULT NULL,
  `contact_email` varchar(255) COLLATE utf8mb4_unicode_ci DEFAULT NULL,
  `contact_phone` varchar(255) COLLATE utf8mb4_unicode_ci DEFAULT NULL,
  `operational_hours` text COLLATE utf8mb4_unicode_ci,
  `address` varchar(255) COLLATE utf8mb4_unicode_ci DEFAULT NULL,
  `site_admin_id` bigint unsigned DEFAULT NULL,
  `created_at` timestamp NULL DEFAULT NULL,
  `updated_at` timestamp NULL DEFAULT NULL,
  PRIMARY KEY (`id`),
  UNIQUE KEY `sites_name_unique` (`name`),
  UNIQUE KEY `sites_code_unique` (`code`),
  KEY `sites_site_admin_id_foreign` (`site_admin_id`),
  CONSTRAINT `sites_site_admin_id_foreign` FOREIGN KEY (`site_admin_id`) REFERENCES `users` (`id`) ON DELETE SET NULL
) ENGINE=InnoDB AUTO_INCREMENT=4 DEFAULT CHARSET=utf8mb4 COLLATE=utf8mb4_unicode_ci;
/*!40101 SET character_set_client = @saved_cs_client */;

--
-- Dumping data for table `sites`
--

LOCK TABLES `sites` WRITE;
/*!40000 ALTER TABLE `sites` DISABLE KEYS */;
INSERT INTO `sites` VALUES (1,'KOTA KINABALU','KK-01','sabah',NULL,NULL,NULL,NULL,NULL,NULL,NULL,'2026-07-05 23:56:32','2026-07-05 23:56:32'),(2,'SANDAKAN','SDK-01','sabah',NULL,NULL,NULL,NULL,NULL,NULL,NULL,'2026-07-05 23:56:46','2026-07-05 23:56:46'),(3,'MIRI','MI-01','sarawak',NULL,NULL,NULL,NULL,NULL,NULL,NULL,'2026-07-05 23:56:59','2026-07-05 23:56:59');
/*!40000 ALTER TABLE `sites` ENABLE KEYS */;
UNLOCK TABLES;

--
-- Table structure for table `spare_parts`
--

DROP TABLE IF EXISTS `spare_parts`;
/*!40101 SET @saved_cs_client     = @@character_set_client */;
/*!50503 SET character_set_client = utf8mb4 */;
CREATE TABLE `spare_parts` (
  `id` bigint unsigned NOT NULL AUTO_INCREMENT,
  `name` varchar(255) COLLATE utf8mb4_unicode_ci NOT NULL,
  `part_number` varchar(255) COLLATE utf8mb4_unicode_ci NOT NULL,
  `category` varchar(255) COLLATE utf8mb4_unicode_ci DEFAULT NULL,
  `stock_level` int NOT NULL DEFAULT '0',
  `minimum_stock_level` int NOT NULL DEFAULT '0',
  `unit_cost` decimal(10,2) DEFAULT NULL,
  `site_id` bigint unsigned DEFAULT NULL,
  `asset_type_id` bigint unsigned DEFAULT NULL,
  `location` varchar(255) COLLATE utf8mb4_unicode_ci DEFAULT NULL,
  `status` varchar(255) COLLATE utf8mb4_unicode_ci NOT NULL DEFAULT 'available',
  `specifications` json DEFAULT NULL,
  `compatibility` json DEFAULT NULL,
  `created_at` timestamp NULL DEFAULT NULL,
  `updated_at` timestamp NULL DEFAULT NULL,
  `deleted_at` timestamp NULL DEFAULT NULL,
  PRIMARY KEY (`id`),
  UNIQUE KEY `spare_parts_part_number_unique` (`part_number`),
  KEY `spare_parts_site_id_foreign` (`site_id`),
  KEY `spare_parts_asset_type_id_foreign` (`asset_type_id`),
  CONSTRAINT `spare_parts_asset_type_id_foreign` FOREIGN KEY (`asset_type_id`) REFERENCES `asset_types` (`id`) ON DELETE SET NULL,
  CONSTRAINT `spare_parts_site_id_foreign` FOREIGN KEY (`site_id`) REFERENCES `sites` (`id`) ON DELETE CASCADE
) ENGINE=InnoDB DEFAULT CHARSET=utf8mb4 COLLATE=utf8mb4_unicode_ci;
/*!40101 SET character_set_client = @saved_cs_client */;

--
-- Dumping data for table `spare_parts`
--

LOCK TABLES `spare_parts` WRITE;
/*!40000 ALTER TABLE `spare_parts` DISABLE KEYS */;
/*!40000 ALTER TABLE `spare_parts` ENABLE KEYS */;
UNLOCK TABLES;

--
-- Table structure for table `status_labels`
--

DROP TABLE IF EXISTS `status_labels`;
/*!40101 SET @saved_cs_client     = @@character_set_client */;
/*!50503 SET character_set_client = utf8mb4 */;
CREATE TABLE `status_labels` (
  `id` bigint unsigned NOT NULL AUTO_INCREMENT,
  `name` varchar(255) COLLATE utf8mb4_unicode_ci NOT NULL,
  `type` varchar(255) COLLATE utf8mb4_unicode_ci NOT NULL DEFAULT 'deployable' COMMENT 'pending, deployable, archived, undeployable',
  `notes` text COLLATE utf8mb4_unicode_ci,
  `created_at` timestamp NULL DEFAULT NULL,
  `updated_at` timestamp NULL DEFAULT NULL,
  PRIMARY KEY (`id`)
) ENGINE=InnoDB DEFAULT CHARSET=utf8mb4 COLLATE=utf8mb4_unicode_ci;
/*!40101 SET character_set_client = @saved_cs_client */;

--
-- Dumping data for table `status_labels`
--

LOCK TABLES `status_labels` WRITE;
/*!40000 ALTER TABLE `status_labels` DISABLE KEYS */;
/*!40000 ALTER TABLE `status_labels` ENABLE KEYS */;
UNLOCK TABLES;

--
-- Table structure for table `suppliers`
--

DROP TABLE IF EXISTS `suppliers`;
/*!40101 SET @saved_cs_client     = @@character_set_client */;
/*!50503 SET character_set_client = utf8mb4 */;
CREATE TABLE `suppliers` (
  `id` bigint unsigned NOT NULL AUTO_INCREMENT,
  `name` varchar(255) COLLATE utf8mb4_unicode_ci NOT NULL,
  `email` varchar(255) COLLATE utf8mb4_unicode_ci DEFAULT NULL,
  `phone` varchar(255) COLLATE utf8mb4_unicode_ci DEFAULT NULL,
  `address` text COLLATE utf8mb4_unicode_ci,
  `created_at` timestamp NULL DEFAULT NULL,
  `updated_at` timestamp NULL DEFAULT NULL,
  PRIMARY KEY (`id`)
) ENGINE=InnoDB DEFAULT CHARSET=utf8mb4 COLLATE=utf8mb4_unicode_ci;
/*!40101 SET character_set_client = @saved_cs_client */;

--
-- Dumping data for table `suppliers`
--

LOCK TABLES `suppliers` WRITE;
/*!40000 ALTER TABLE `suppliers` DISABLE KEYS */;
/*!40000 ALTER TABLE `suppliers` ENABLE KEYS */;
UNLOCK TABLES;

--
-- Table structure for table `support_tickets`
--

DROP TABLE IF EXISTS `support_tickets`;
/*!40101 SET @saved_cs_client     = @@character_set_client */;
/*!50503 SET character_set_client = utf8mb4 */;
CREATE TABLE `support_tickets` (
  `id` bigint unsigned NOT NULL AUTO_INCREMENT,
  `user_id` bigint unsigned NOT NULL,
  `subject` varchar(255) COLLATE utf8mb4_unicode_ci NOT NULL,
  `category` varchar(255) COLLATE utf8mb4_unicode_ci NOT NULL DEFAULT 'General',
  `status` enum('open','in_progress','resolved','closed') COLLATE utf8mb4_unicode_ci NOT NULL DEFAULT 'open',
  `priority` enum('low','medium','high','urgent') COLLATE utf8mb4_unicode_ci NOT NULL DEFAULT 'medium',
  `assigned_to` bigint unsigned DEFAULT NULL,
  `created_at` timestamp NULL DEFAULT NULL,
  `updated_at` timestamp NULL DEFAULT NULL,
  PRIMARY KEY (`id`),
  KEY `support_tickets_user_id_foreign` (`user_id`),
  KEY `support_tickets_assigned_to_foreign` (`assigned_to`),
  CONSTRAINT `support_tickets_assigned_to_foreign` FOREIGN KEY (`assigned_to`) REFERENCES `users` (`id`) ON DELETE SET NULL,
  CONSTRAINT `support_tickets_user_id_foreign` FOREIGN KEY (`user_id`) REFERENCES `users` (`id`) ON DELETE CASCADE
) ENGINE=InnoDB DEFAULT CHARSET=utf8mb4 COLLATE=utf8mb4_unicode_ci;
/*!40101 SET character_set_client = @saved_cs_client */;

--
-- Dumping data for table `support_tickets`
--

LOCK TABLES `support_tickets` WRITE;
/*!40000 ALTER TABLE `support_tickets` DISABLE KEYS */;
/*!40000 ALTER TABLE `support_tickets` ENABLE KEYS */;
UNLOCK TABLES;

--
-- Table structure for table `table_configurations`
--

DROP TABLE IF EXISTS `table_configurations`;
/*!40101 SET @saved_cs_client     = @@character_set_client */;
/*!50503 SET character_set_client = utf8mb4 */;
CREATE TABLE `table_configurations` (
  `id` bigint unsigned NOT NULL AUTO_INCREMENT,
  `table_name` varchar(255) COLLATE utf8mb4_unicode_ci NOT NULL,
  `column_key` varchar(255) COLLATE utf8mb4_unicode_ci NOT NULL,
  `column_title` varchar(255) COLLATE utf8mb4_unicode_ci NOT NULL,
  `data_type` varchar(255) COLLATE utf8mb4_unicode_ci NOT NULL DEFAULT 'string',
  `data_source` varchar(255) COLLATE utf8mb4_unicode_ci DEFAULT NULL,
  `is_primary_key` tinyint(1) NOT NULL DEFAULT '0',
  `is_sortable` tinyint(1) NOT NULL DEFAULT '1',
  `is_filterable` tinyint(1) NOT NULL DEFAULT '1',
  `is_visible` tinyint(1) NOT NULL DEFAULT '1',
  `sort_order` int NOT NULL DEFAULT '0',
  `width` int DEFAULT NULL,
  `alignment` varchar(255) COLLATE utf8mb4_unicode_ci NOT NULL DEFAULT 'left',
  `format_pattern` text COLLATE utf8mb4_unicode_ci,
  `options` json DEFAULT NULL,
  `created_by` bigint unsigned DEFAULT NULL,
  `updated_by` bigint unsigned DEFAULT NULL,
  `created_at` timestamp NULL DEFAULT NULL,
  `updated_at` timestamp NULL DEFAULT NULL,
  `deleted_at` timestamp NULL DEFAULT NULL,
  `site_id` bigint unsigned DEFAULT NULL,
  PRIMARY KEY (`id`),
  UNIQUE KEY `table_configurations_tbl_col_site_unique` (`table_name`,`column_key`,`site_id`),
  KEY `table_configurations_created_by_foreign` (`created_by`),
  KEY `table_configurations_updated_by_foreign` (`updated_by`),
  KEY `table_configurations_table_name_sort_order_index` (`table_name`,`sort_order`),
  KEY `table_configurations_table_name_is_visible_index` (`table_name`,`is_visible`),
  KEY `table_configurations_site_id_foreign` (`site_id`),
  CONSTRAINT `table_configurations_created_by_foreign` FOREIGN KEY (`created_by`) REFERENCES `users` (`id`) ON DELETE SET NULL,
  CONSTRAINT `table_configurations_site_id_foreign` FOREIGN KEY (`site_id`) REFERENCES `sites` (`id`) ON DELETE SET NULL,
  CONSTRAINT `table_configurations_updated_by_foreign` FOREIGN KEY (`updated_by`) REFERENCES `users` (`id`) ON DELETE SET NULL
) ENGINE=InnoDB AUTO_INCREMENT=27 DEFAULT CHARSET=utf8mb4 COLLATE=utf8mb4_unicode_ci;
/*!40101 SET character_set_client = @saved_cs_client */;

--
-- Dumping data for table `table_configurations`
--

LOCK TABLES `table_configurations` WRITE;
/*!40000 ALTER TABLE `table_configurations` DISABLE KEYS */;
INSERT INTO `table_configurations` VALUES (1,'assets','aset_id','Asset ID','string',NULL,1,1,1,1,0,NULL,'left',NULL,NULL,NULL,2,'2026-07-05 23:57:42','2026-07-06 20:36:05',NULL,1),(2,'assets','kategori_aset','Category','string',NULL,0,1,1,1,1,NULL,'left',NULL,NULL,NULL,2,'2026-07-05 23:57:42','2026-07-06 20:36:10',NULL,1),(3,'assets','jenis_aset','Asset Type','string',NULL,0,1,1,1,2,NULL,'left',NULL,NULL,NULL,2,'2026-07-05 23:57:42','2026-07-06 20:36:10',NULL,1),(4,'assets','lokasi','Location','string',NULL,0,1,1,1,3,NULL,'left',NULL,NULL,NULL,2,'2026-07-05 23:57:42','2026-07-06 20:36:09',NULL,1),(5,'assets','kuantiti','Quantity','string',NULL,0,1,1,1,4,NULL,'left',NULL,NULL,NULL,2,'2026-07-05 23:57:42','2026-07-06 20:11:55',NULL,1),(6,'assets','vendor','Vendor','string',NULL,0,1,1,1,5,NULL,'left',NULL,NULL,NULL,NULL,'2026-07-05 23:57:42','2026-07-05 23:57:42',NULL,1),(7,'assets','asset_id','Asset ID','string',NULL,1,1,1,1,0,NULL,'left',NULL,NULL,NULL,NULL,'2026-07-05 23:58:20','2026-07-05 23:58:20',NULL,3),(8,'assets','asset_name','Asset Name','string',NULL,0,1,1,1,1,NULL,'left',NULL,NULL,NULL,NULL,'2026-07-05 23:58:20','2026-07-05 23:58:20',NULL,3),(9,'assets','category','Category','string',NULL,0,1,1,1,2,NULL,'left',NULL,NULL,NULL,NULL,'2026-07-05 23:58:20','2026-07-05 23:58:20',NULL,3),(10,'assets','brand','Brand','string',NULL,0,1,1,1,3,NULL,'left',NULL,NULL,NULL,NULL,'2026-07-05 23:58:20','2026-07-05 23:58:20',NULL,3),(11,'assets','model','Model','string',NULL,0,1,1,1,4,NULL,'left',NULL,NULL,NULL,NULL,'2026-07-05 23:58:20','2026-07-05 23:58:20',NULL,3),(12,'assets','serial_number','Serial Number','string',NULL,0,1,1,1,5,NULL,'left',NULL,NULL,NULL,NULL,'2026-07-05 23:58:20','2026-07-05 23:58:20',NULL,3),(13,'assets','purchase_date','Purchase Date','string',NULL,0,1,1,1,6,NULL,'left',NULL,NULL,NULL,NULL,'2026-07-05 23:58:20','2026-07-05 23:58:20',NULL,3),(14,'assets','purchase_price','Purchase Price','string',NULL,0,1,1,1,7,NULL,'left',NULL,NULL,NULL,NULL,'2026-07-05 23:58:20','2026-07-05 23:58:20',NULL,3),(15,'assets','status','Status','string',NULL,0,1,1,1,8,NULL,'left',NULL,NULL,NULL,NULL,'2026-07-05 23:58:20','2026-07-05 23:58:20',NULL,3),(16,'assets','location','Location','string',NULL,0,1,1,1,9,NULL,'left',NULL,NULL,NULL,NULL,'2026-07-05 23:58:20','2026-07-05 23:58:20',NULL,3),(17,'assets','name','Name','string',NULL,1,1,1,1,0,NULL,'left',NULL,NULL,NULL,NULL,'2026-07-05 23:58:41','2026-07-05 23:58:41',NULL,2),(18,'assets','department','Department','string',NULL,0,1,1,1,1,NULL,'left',NULL,NULL,NULL,NULL,'2026-07-05 23:58:41','2026-07-05 23:58:41',NULL,2),(19,'assets','condition','Condition','string',NULL,0,1,1,1,2,NULL,'left',NULL,NULL,NULL,NULL,'2026-07-05 23:58:41','2026-07-05 23:58:41',NULL,2),(20,'assets','purchase_price','Purchase Price','string',NULL,0,1,1,1,3,NULL,'left',NULL,NULL,NULL,NULL,'2026-07-05 23:58:41','2026-07-05 23:58:41',NULL,2),(21,'assets','asset_code','Asset Code','string',NULL,0,1,1,1,4,NULL,'left',NULL,NULL,NULL,NULL,'2026-07-05 23:58:41','2026-07-05 23:58:41',NULL,2),(22,'assets','assigned_to','Assigned To','string',NULL,0,1,1,1,5,NULL,'left',NULL,NULL,NULL,NULL,'2026-07-05 23:58:41','2026-07-05 23:58:41',NULL,2),(23,'assets','warranty_expiry','Warranty Expiry','string',NULL,0,1,1,1,6,NULL,'left',NULL,NULL,NULL,NULL,'2026-07-05 23:58:41','2026-07-05 23:58:41',NULL,2),(24,'assets','location','Location','string',NULL,0,1,1,1,7,NULL,'left',NULL,NULL,NULL,NULL,'2026-07-05 23:58:41','2026-07-05 23:58:41',NULL,2),(25,'assets','category','Category','string',NULL,0,1,1,1,8,NULL,'left',NULL,NULL,NULL,NULL,'2026-07-05 23:58:41','2026-07-05 23:58:41',NULL,2),(26,'assets','vendor','Vendor','string',NULL,0,1,1,1,9,NULL,'left',NULL,NULL,NULL,NULL,'2026-07-05 23:58:41','2026-07-05 23:58:41',NULL,2);
/*!40000 ALTER TABLE `table_configurations` ENABLE KEYS */;
UNLOCK TABLES;

--
-- Table structure for table `ticket_messages`
--

DROP TABLE IF EXISTS `ticket_messages`;
/*!40101 SET @saved_cs_client     = @@character_set_client */;
/*!50503 SET character_set_client = utf8mb4 */;
CREATE TABLE `ticket_messages` (
  `id` bigint unsigned NOT NULL AUTO_INCREMENT,
  `support_ticket_id` bigint unsigned NOT NULL,
  `user_id` bigint unsigned NOT NULL,
  `message` text COLLATE utf8mb4_unicode_ci NOT NULL,
  `attachment_path` varchar(255) COLLATE utf8mb4_unicode_ci DEFAULT NULL,
  `is_system` tinyint(1) NOT NULL DEFAULT '0',
  `created_at` timestamp NULL DEFAULT NULL,
  `updated_at` timestamp NULL DEFAULT NULL,
  PRIMARY KEY (`id`),
  KEY `ticket_messages_support_ticket_id_foreign` (`support_ticket_id`),
  KEY `ticket_messages_user_id_foreign` (`user_id`),
  CONSTRAINT `ticket_messages_support_ticket_id_foreign` FOREIGN KEY (`support_ticket_id`) REFERENCES `support_tickets` (`id`) ON DELETE CASCADE,
  CONSTRAINT `ticket_messages_user_id_foreign` FOREIGN KEY (`user_id`) REFERENCES `users` (`id`) ON DELETE CASCADE
) ENGINE=InnoDB DEFAULT CHARSET=utf8mb4 COLLATE=utf8mb4_unicode_ci;
/*!40101 SET character_set_client = @saved_cs_client */;

--
-- Dumping data for table `ticket_messages`
--

LOCK TABLES `ticket_messages` WRITE;
/*!40000 ALTER TABLE `ticket_messages` DISABLE KEYS */;
/*!40000 ALTER TABLE `ticket_messages` ENABLE KEYS */;
UNLOCK TABLES;

--
-- Table structure for table `user_page_permissions`
--

DROP TABLE IF EXISTS `user_page_permissions`;
/*!40101 SET @saved_cs_client     = @@character_set_client */;
/*!50503 SET character_set_client = utf8mb4 */;
CREATE TABLE `user_page_permissions` (
  `id` bigint unsigned NOT NULL AUTO_INCREMENT,
  `user_id` bigint unsigned NOT NULL,
  `page_permission_id` bigint unsigned NOT NULL,
  `can_create` tinyint(1) NOT NULL DEFAULT '0',
  `can_read` tinyint(1) NOT NULL DEFAULT '0',
  `can_update` tinyint(1) NOT NULL DEFAULT '0',
  `can_delete` tinyint(1) NOT NULL DEFAULT '0',
  `created_at` timestamp NULL DEFAULT NULL,
  `updated_at` timestamp NULL DEFAULT NULL,
  PRIMARY KEY (`id`),
  UNIQUE KEY `user_page_permissions_user_id_page_permission_id_unique` (`user_id`,`page_permission_id`),
  KEY `user_page_permissions_user_id_index` (`user_id`),
  KEY `user_page_permissions_page_permission_id_index` (`page_permission_id`),
  CONSTRAINT `user_page_permissions_page_permission_id_foreign` FOREIGN KEY (`page_permission_id`) REFERENCES `page_permissions` (`id`) ON DELETE CASCADE,
  CONSTRAINT `user_page_permissions_user_id_foreign` FOREIGN KEY (`user_id`) REFERENCES `users` (`id`) ON DELETE CASCADE
) ENGINE=InnoDB DEFAULT CHARSET=utf8mb4 COLLATE=utf8mb4_unicode_ci;
/*!40101 SET character_set_client = @saved_cs_client */;

--
-- Dumping data for table `user_page_permissions`
--

LOCK TABLES `user_page_permissions` WRITE;
/*!40000 ALTER TABLE `user_page_permissions` DISABLE KEYS */;
/*!40000 ALTER TABLE `user_page_permissions` ENABLE KEYS */;
UNLOCK TABLES;

--
-- Table structure for table `users`
--

DROP TABLE IF EXISTS `users`;
/*!40101 SET @saved_cs_client     = @@character_set_client */;
/*!50503 SET character_set_client = utf8mb4 */;
CREATE TABLE `users` (
  `id` bigint unsigned NOT NULL AUTO_INCREMENT,
  `name` varchar(255) COLLATE utf8mb4_unicode_ci NOT NULL,
  `email` varchar(255) COLLATE utf8mb4_unicode_ci NOT NULL,
  `is_active` tinyint(1) NOT NULL DEFAULT '1',
  `phone` varchar(50) COLLATE utf8mb4_unicode_ci DEFAULT NULL,
  `ic_number` varchar(50) COLLATE utf8mb4_unicode_ci DEFAULT NULL,
  `profile_photo` varchar(255) COLLATE utf8mb4_unicode_ci DEFAULT NULL,
  `email_verified_at` timestamp NULL DEFAULT NULL,
  `password` varchar(255) COLLATE utf8mb4_unicode_ci NOT NULL,
  `two_factor_secret` text COLLATE utf8mb4_unicode_ci,
  `two_factor_recovery_codes` text COLLATE utf8mb4_unicode_ci,
  `two_factor_confirmed_at` timestamp NULL DEFAULT NULL,
  `remember_token` varchar(100) COLLATE utf8mb4_unicode_ci DEFAULT NULL,
  `created_at` timestamp NULL DEFAULT NULL,
  `updated_at` timestamp NULL DEFAULT NULL,
  `site_id` bigint unsigned DEFAULT NULL,
  `deleted_at` timestamp NULL DEFAULT NULL,
  PRIMARY KEY (`id`),
  UNIQUE KEY `users_email_unique` (`email`),
  KEY `users_site_id_foreign` (`site_id`),
  CONSTRAINT `users_site_id_foreign` FOREIGN KEY (`site_id`) REFERENCES `sites` (`id`) ON DELETE SET NULL
) ENGINE=InnoDB AUTO_INCREMENT=3 DEFAULT CHARSET=utf8mb4 COLLATE=utf8mb4_unicode_ci;
/*!40101 SET character_set_client = @saved_cs_client */;

--
-- Dumping data for table `users`
--

LOCK TABLES `users` WRITE;
/*!40000 ALTER TABLE `users` DISABLE KEYS */;
INSERT INTO `users` VALUES (1,'System Administrator','admin@nova-ams.com',1,NULL,NULL,NULL,'2026-07-05 23:45:08','$2y$12$4xEwi3XoZsZmxR9Q8gKN/Oh7LNZBDExTXuWQQeQ..PIj/SL0HnVLa',NULL,NULL,NULL,NULL,'2026-07-05 23:45:08','2026-07-05 23:45:08',NULL,NULL),(2,'Admin','admin@g',1,NULL,NULL,NULL,NULL,'$2y$12$jR.5UyZEshTrbADqTKNaruTVzHJJh48Mcf23PXYklGXEkYpS80Oji',NULL,NULL,NULL,NULL,'2026-07-05 23:45:13','2026-07-05 23:45:13',NULL,NULL);
/*!40000 ALTER TABLE `users` ENABLE KEYS */;
UNLOCK TABLES;

--
-- Table structure for table `vendors`
--

DROP TABLE IF EXISTS `vendors`;
/*!40101 SET @saved_cs_client     = @@character_set_client */;
/*!50503 SET character_set_client = utf8mb4 */;
CREATE TABLE `vendors` (
  `id` bigint unsigned NOT NULL AUTO_INCREMENT,
  `name` varchar(255) COLLATE utf8mb4_unicode_ci NOT NULL,
  `description` text COLLATE utf8mb4_unicode_ci,
  `created_at` timestamp NULL DEFAULT NULL,
  `updated_at` timestamp NULL DEFAULT NULL,
  `deleted_at` timestamp NULL DEFAULT NULL,
  PRIMARY KEY (`id`)
) ENGINE=InnoDB AUTO_INCREMENT=4 DEFAULT CHARSET=utf8mb4 COLLATE=utf8mb4_unicode_ci;
/*!40101 SET character_set_client = @saved_cs_client */;

--
-- Dumping data for table `vendors`
--

LOCK TABLES `vendors` WRITE;
/*!40000 ALTER TABLE `vendors` DISABLE KEYS */;
INSERT INTO `vendors` VALUES (1,'Test Vendor','This is a test vendor description','2026-07-06 20:12:41','2026-07-06 20:12:41','2026-07-06 20:12:41'),(2,'IER',NULL,'2026-07-06 20:14:45','2026-07-06 20:14:45',NULL),(3,'EIZO',NULL,'2026-07-06 20:14:57','2026-07-06 20:14:57',NULL);
/*!40000 ALTER TABLE `vendors` ENABLE KEYS */;
UNLOCK TABLES;

--
-- Table structure for table `withdrawals`
--

DROP TABLE IF EXISTS `withdrawals`;
/*!40101 SET @saved_cs_client     = @@character_set_client */;
/*!50503 SET character_set_client = utf8mb4 */;
CREATE TABLE `withdrawals` (
  `id` bigint unsigned NOT NULL AUTO_INCREMENT,
  `asset_id` bigint unsigned NOT NULL,
  `user_id` bigint unsigned NOT NULL,
  `site_id` bigint unsigned DEFAULT NULL,
  `withdrawal_type` varchar(255) COLLATE utf8mb4_unicode_ci NOT NULL DEFAULT 'standard',
  `purpose_category` varchar(255) COLLATE utf8mb4_unicode_ci NOT NULL,
  `purpose_description` text COLLATE utf8mb4_unicode_ci NOT NULL,
  `withdrawal_date` date NOT NULL,
  `expected_return_date` date DEFAULT NULL,
  `actual_return_date` date DEFAULT NULL,
  `duration` varchar(255) COLLATE utf8mb4_unicode_ci DEFAULT NULL,
  `status` varchar(255) COLLATE utf8mb4_unicode_ci NOT NULL DEFAULT 'active',
  `condition_notes` text COLLATE utf8mb4_unicode_ci,
  `return_condition` text COLLATE utf8mb4_unicode_ci,
  `approved_by` bigint unsigned DEFAULT NULL,
  `approved_at` timestamp NULL DEFAULT NULL,
  `rejection_reason` text COLLATE utf8mb4_unicode_ci,
  `priority` varchar(255) COLLATE utf8mb4_unicode_ci NOT NULL DEFAULT 'normal',
  `admin_notes` text COLLATE utf8mb4_unicode_ci,
  `created_at` timestamp NULL DEFAULT NULL,
  `updated_at` timestamp NULL DEFAULT NULL,
  `deleted_at` timestamp NULL DEFAULT NULL,
  PRIMARY KEY (`id`),
  KEY `withdrawals_approved_by_foreign` (`approved_by`),
  KEY `withdrawals_asset_id_status_index` (`asset_id`,`status`),
  KEY `withdrawals_user_id_status_index` (`user_id`,`status`),
  KEY `withdrawals_withdrawal_date_index` (`withdrawal_date`),
  KEY `withdrawals_expected_return_date_index` (`expected_return_date`),
  KEY `withdrawals_site_id_status_index` (`site_id`,`status`),
  CONSTRAINT `withdrawals_approved_by_foreign` FOREIGN KEY (`approved_by`) REFERENCES `users` (`id`) ON DELETE SET NULL,
  CONSTRAINT `withdrawals_asset_id_foreign` FOREIGN KEY (`asset_id`) REFERENCES `assets` (`id`) ON DELETE CASCADE,
  CONSTRAINT `withdrawals_site_id_foreign` FOREIGN KEY (`site_id`) REFERENCES `sites` (`id`) ON DELETE SET NULL,
  CONSTRAINT `withdrawals_user_id_foreign` FOREIGN KEY (`user_id`) REFERENCES `users` (`id`) ON DELETE CASCADE
) ENGINE=InnoDB DEFAULT CHARSET=utf8mb4 COLLATE=utf8mb4_unicode_ci;
/*!40101 SET character_set_client = @saved_cs_client */;

--
-- Dumping data for table `withdrawals`
--

LOCK TABLES `withdrawals` WRITE;
/*!40000 ALTER TABLE `withdrawals` DISABLE KEYS */;
/*!40000 ALTER TABLE `withdrawals` ENABLE KEYS */;
UNLOCK TABLES;

--
-- Table structure for table `work_orders`
--

DROP TABLE IF EXISTS `work_orders`;
/*!40101 SET @saved_cs_client     = @@character_set_client */;
/*!50503 SET character_set_client = utf8mb4 */;
CREATE TABLE `work_orders` (
  `id` bigint unsigned NOT NULL AUTO_INCREMENT,
  `asset_id` bigint unsigned DEFAULT NULL,
  `reported_by` bigint unsigned DEFAULT NULL,
  `assigned_to` bigint unsigned DEFAULT NULL,
  `issue` text COLLATE utf8mb4_unicode_ci,
  `status` enum('open','in_progress','completed','closed') COLLATE utf8mb4_unicode_ci NOT NULL DEFAULT 'open',
  `priority` enum('low','medium','high') COLLATE utf8mb4_unicode_ci NOT NULL DEFAULT 'medium',
  `reported_at` datetime DEFAULT NULL,
  `completed_at` datetime DEFAULT NULL,
  `created_at` timestamp NULL DEFAULT NULL,
  `updated_at` timestamp NULL DEFAULT NULL,
  PRIMARY KEY (`id`),
  KEY `work_orders_asset_id_foreign` (`asset_id`),
  KEY `work_orders_reported_by_foreign` (`reported_by`),
  KEY `work_orders_assigned_to_foreign` (`assigned_to`),
  CONSTRAINT `work_orders_asset_id_foreign` FOREIGN KEY (`asset_id`) REFERENCES `assets` (`id`) ON DELETE SET NULL,
  CONSTRAINT `work_orders_assigned_to_foreign` FOREIGN KEY (`assigned_to`) REFERENCES `users` (`id`) ON DELETE SET NULL,
  CONSTRAINT `work_orders_reported_by_foreign` FOREIGN KEY (`reported_by`) REFERENCES `users` (`id`) ON DELETE SET NULL
) ENGINE=InnoDB DEFAULT CHARSET=utf8mb4 COLLATE=utf8mb4_unicode_ci;
/*!40101 SET character_set_client = @saved_cs_client */;

--
-- Dumping data for table `work_orders`
--

LOCK TABLES `work_orders` WRITE;
/*!40000 ALTER TABLE `work_orders` DISABLE KEYS */;
/*!40000 ALTER TABLE `work_orders` ENABLE KEYS */;
UNLOCK TABLES;
SET @@SESSION.SQL_LOG_BIN = @MYSQLDUMP_TEMP_LOG_BIN;
/*!40103 SET TIME_ZONE=@OLD_TIME_ZONE */;

/*!40101 SET SQL_MODE=@OLD_SQL_MODE */;
/*!40014 SET FOREIGN_KEY_CHECKS=@OLD_FOREIGN_KEY_CHECKS */;
/*!40014 SET UNIQUE_CHECKS=@OLD_UNIQUE_CHECKS */;
/*!40101 SET CHARACTER_SET_CLIENT=@OLD_CHARACTER_SET_CLIENT */;
/*!40101 SET CHARACTER_SET_RESULTS=@OLD_CHARACTER_SET_RESULTS */;
/*!40101 SET COLLATION_CONNECTION=@OLD_COLLATION_CONNECTION */;
/*!40111 SET SQL_NOTES=@OLD_SQL_NOTES */;

-- Dump completed on 2026-07-07 12:50:20
